merchant_id,merchant_title,merchant_name,revenues,rating_per_merchant_products,listed_products,mean_product_prices,mean_retail_prices,mean_units_sold_per_product,average_discount,profile_id
5357bcf2bb72c5504882e889,ApparelHeaven,primesalecolimited,1080000.0,4.219,2,9.0,20.0,60000.0,54.0,10
5708773c3c02161b3f8c7900,leiston,leiston,831096.0,3.934,5,7.76,34.2,21420.0,61.0,218
5417aada4ad3ab27e954b76c,"SHENZHEN LONGDRAGON TECHNOLOGY CO.,LTD",shenzhenlongdragontechnologycoltd,800056.0,4.053,2,8.0,8.0,50004.0,1.0,37
570f3a713a698c14278bb51e,fashionstore0408,fashionstore0408,567000.0,3.889,1,5.67,19.0,100000.0,71.0,225
53082ea15aefb07dfe1f2a4f,bigcompany,bigcompany,500000.0,4.036,1,5.0,33.0,100000.0,85.0,7
53f2beb39020ee03566d6e18,trendy_world,shanghailalanginternationaltradecoltd,577000.0,4.067,1,5.77,48.0,100000.0,88.0,28
5926c5ace8ff5525241b368d,Pentiumhorse,pentiumhorse,642240.0,4.139,7,6.69,6.29,13714.0,4.0,516
5860c757b1e41d4d67d183e8,Mermaid 's Kiss,mermaidskiss,309043.0,4.049,4,3.43,3.75,22525.0,11.0,404
52bd3ddb34067e4620a4c62d,freebird,fashionshow,577600.0,4.104,3,7.22,14.67,26667.0,33.0,5
5a7b23a69bda4e3d375e7b3f,f40051ab1zhong9,f40051ab1zhong9,672000.0,3.966,5,8.4,7.8,16000.0,7.0,628
53a2a09ad91139519161a267,FashionForChanny ,guangzhouchannytradecoltd,999750.0,4.256,3,13.33,100.33,25000.0,86.0,17
539937d634067e06707b1a8e,HOT DRESS,hotdress,817650.0,3.968,4,11.5,86.25,17775.0,87.0,15
58ad449708de0c6dc59d9e06,hellohorse,hellohorse,227791.0,4.147,6,3.61,3.33,10517.0,4.0,440
56e43d9e3a698c3826a5feff,good999,good999,528870.0,4.179,3,8.67,8.0,20333.0,8.0,204
53aa664438d3046ee44a5024,fashionforgirls,guangzhouchanny,751250.0,4.128,4,12.5,83.0,15025.0,86.0,18
53facca81c105e3d5866e212,GL,gl,540000.0,4.157,3,9.0,114.0,20000.0,58.0,31
5384613a796f680f9d78a127,"Pandolah Apparel Co.,Ltd",pandolahapparelcoltd,979800.0,4.387,3,16.33,14.33,20000.0,14.0,13
558c2cdc89d53c4005ea2920,guangzhouweishiweifushiyouxiangongsi,广州唯适唯服饰有限公司,244530.0,3.885,15,4.18,4.13,3900.0,1.0,107
55c8a4c33a698c6010edcd9e,Smart Home International Co.Ltd,smarthomeinternationalcoltd,297528.0,4.121,6,5.39,5.17,9200.0,3.0,115
58106cfce516491e6e5f1e53,yangaiqun,yangaiqun,302500.0,4.156,2,5.5,5.0,27500.0,8.0,316
5acaf29d5ebcfd72403106a8,Suyi Technology,greatexpectationstechnology,301908.0,4.045,12,5.56,5.17,4525.0,4.0,651
54af9c1428565a151043b6bf,Happygirl International Shopping Park,happygirlinternationalshoppingpark,400000.0,4.038,3,8.0,7.33,16667.0,9.0,71
557ed5b886d66519ff242099,redisland,redisland,356000.0,4.154,4,7.12,6.5,12500.0,9.0,105
57568f454054c95cbd8d1619,Goddess-Beauty,goddessbeauty,400000.0,3.84,1,8.0,54.0,50000.0,86.0,237
5652f4053a698c76dc9a3f37,Unique Li Fashion Shop,uniquelifashionshopbb657bfe91d211e598c7063a14dc88b5,350000.0,4.077,1,7.0,6.0,50000.0,16.0,152
5542fcb264b4f014ce88ecae,hui zhou ming mao yi,huizhoumingmaoyi,200000.0,4.095,1,4.0,6.0,50000.0,34.0,91
58ad356108de0c6dc39d979d,hgjkgk,hgjkgk,250000.0,4.095,1,5.0,5.0,50000.0,0.0,438
544867549719cd33de1048d5,Fashion Vane,公狼网络科技有限公司,285000.0,4.096,1,5.7,58.0,50000.0,91.0,45
54bcaabb39b8c00b482a115f,Fashionshow68,广州乔莎服饰有限公司,450000.0,4.105,1,9.0,81.0,50000.0,89.0,73
58c0fff96ecaa3523d59a24d,xixi520,xixi520,100000.0,4.165,1,2.0,2.0,50000.0,0.0,454
572d45c708fad86678ca1938,Ice Scream,icescream,233000.0,4.216,1,4.66,11.0,50000.0,58.0,231
570b67d4a9dc12590be93b79,Frome,frome,300000.0,4.228,1,6.0,6.0,50000.0,0.0,219
57e5db02e7f40f131adeeaf8,NORTINSAM,nortinsam,450000.0,4.302,1,9.0,8.0,50000.0,12.0,294
5639cd9bddb94f103070ef9f,snowgirl,snowgirl,391000.0,3.968,6,8.5,41.83,7667.0,67.0,139
5533c83986ff95173dc017d0,shuilingjiao international trade company,shuilingjiaointernationaltradecompany,355575.0,4.081,8,8.25,7.63,5388.0,8.0,87
58fdedf645f9b210f58c00cc,paoyeye,paoyeye,307017.0,4.08,4,7.47,20.25,10275.0,17.0,497
578866243a698c1713f2d19c,211670008@qq.com,211670008qqcom,218530.0,4.284,3,5.33,5.0,13667.0,5.0,265
55c8029641d799421d41fe3a,young's boutique,youngsboutique,287000.0,3.802,4,7.0,8.75,10250.0,17.0,113
5c51b9b468178729c4213657,WOW BANG,wowbang,267200.0,4.109,4,6.68,6.25,10000.0,3.0,772
576bbb443a698c085103c010,beauty_baby_baby,beauty_baby_baby,380000.0,4.105,2,9.5,34.0,20000.0,73.0,246
53db691bd911395c8b2f92be,xiaomi,xiaomi,440000.0,4.137,2,11.0,14.0,20000.0,22.0,22
5760bd976238335e38551943,Facing the sea,facingthesea,320000.0,4.168,2,8.0,7.0,20000.0,14.0,242
564d8a9ac0f55a1276cd96f8,Cenic Beauty,cenicbeauty,236455.0,4.106,8,6.55,23.75,4513.0,46.0,149
566012f6769a5629aefca555,Petha's boutique,pethasboutique,345600.0,4.066,5,10.8,23.8,6400.0,7.0,158
57b03628c676b3573ba2a081,witkey BL,witkeybl,239350.02,4.05,6,7.67,16.83,5201.0,39.0,283
559d33adc605853731afbf10,Lin Fashion Store,linfashionstore,294500.0,4.0,4,9.5,8.5,7750.0,12.0,108
58330d7def56284f7634e5e5,yubenqiang,yubenqiang,330000.0,3.936,3,11.0,10.0,10000.0,10.0,356
56dce88d21396a16a47eff39,Johnson007,johnson007,240000.0,4.188,3,8.0,84.0,10000.0,91.0,201
5705e40cfda6252c1a9db062,Gdear,gdear,380100.0,4.31,3,12.67,11.33,10000.0,11.0,216
5c74e493a0e25750b550e2a1,bebebebe world,bebebebeworld,180000.0,4.09,4,6.0,5.75,7500.0,2.0,776
594756ab53ebe27caad41157,William&Jack,williamjack,255000.0,3.903,2,8.5,22.0,15000.0,55.0,529
576cfeed007b536be4a9ae96,Love Fashion Show,lovefashionshow,162300.0,3.999,2,5.41,5.5,15000.0,2.0,247
583138b06339b410ab9663ec,sjhdstoer,sjhdstoer,269198.0,4.007,9,9.58,17.78,3122.0,18.0,348
5c7893301bcc452c015b5de4,ToToToTo Market,totototomarket,270000.0,3.925,4,10.0,9.0,6750.0,11.0,777
5763e55cc6053f5e70522ad7,taishon,taishon,202536.0,3.929,5,7.76,21.8,5220.0,17.0,243
5aa1f31308a2240a052e9a1a,WDHDAGE,wdhdage,260000.0,3.872,4,10.0,8.75,6500.0,14.0,633
5cb636dda7173671aedef051,Pure Fashion,purefashionltd,164840.0,4.265,4,6.34,5.5,6500.0,15.0,780
5b160017daac45594728d9ba,fengjinying,fengjinying,197316.0,3.909,6,7.83,7.17,4200.0,8.0,707
58d109c5e3830f6bcb47e35d,spy89ping@163.com,spy89ping163com,175700.0,3.939,4,7.0,21.75,6275.0,42.0,468
5660e53e769a564b3e3aeca0,Fashion Trend Line,泷翔,225000.0,3.999,2,9.0,8.5,12500.0,6.0,159
5800a8bb50d8ab5aaee15f20,Foryingni,foryingni,171750.0,4.095,2,6.87,6.0,12500.0,14.0,307
55cc4e1d845591103477a561,Cuiior,cuiior,281775.0,3.872,4,12.75,40.5,5525.0,69.0,118
55ed5a3362e273427107759e,Oucho co. ltd.,ouchocoltd,248625.0,3.981,4,11.25,29.25,5525.0,25.0,130
5bd29797d32ed5241007af46,hzruanyf,hzruanyf,176000.0,3.881,3,8.0,7.0,7333.0,14.0,765
5ba2251b4315d12ebce873fa,Luowei clothe,luoweiclothe,183920.0,4.0,5,8.36,25.2,4400.0,68.0,760
56458aa03a698c35c9050988,SaraHouse,sarahouse,121552.0,3.9,6,5.68,10.33,3567.0,38.0,144
58131ddf6f55296033923a7c,vvfashion2016,vvfashion2016,279575.0,4.201,4,13.25,93.0,5275.0,86.0,323
55769de4fa0be7249554bce2,Jinqianbao888,jinqianbao888,178500.0,3.998,2,8.5,7.5,10500.0,13.0,101
58b011e82e27bf506cee1ace,lovemom,lovemom,199500.0,4.023,2,9.5,8.5,10500.0,12.0,444
53e03f56ff4d6d36d2285ab0,hechuang1001,hechuang1001,168000.0,4.069,2,8.0,91.0,10500.0,92.0,24
59c8a909ae228e37ae159559,mohuya,mohuya,189000.0,4.085,2,9.0,13.0,10500.0,31.0,585
556fc80f95528719e004fe8b,zhenyangongyequ7766,zhenyangongyequ7766,178500.0,4.099,2,8.5,7.5,10500.0,13.0,100
563c5b3d05398a37780be2e2,YYW COM,yywcom,241500.0,4.19,2,11.5,106.0,10500.0,90.0,141
577fb2b368116418674befd9,keepahorse,keepahorse,113883.0,4.138,5,5.61,5.2,4060.0,3.0,255
5ab3b592c3911a095ad5dadb,youngpeopleshop,happyhorses,124230.0,4.002,3,6.15,5.67,6733.0,1.0,641
56455b13b15aab129db58cb7,Rell Mail,rellmail,208666.0,4.155,3,10.33,9.0,6733.0,15.0,143
5406c9c77f086e1be430d73e,New Lucky,homeaccessoryinternational,185840.0,4.204,5,9.2,9.0,4040.0,3.0,33
59b7d6e1eea5c510889ea754,LISTONE,listone,154167.0,3.874,3,7.67,18.0,6700.0,58.0,578
5b507899ab577736508a0782,cxuelin99126,cxuelin99126,127233.0,4.225,3,6.33,40.67,6700.0,42.0,730
5810aa5bde5bf01b645c909e,Recherche.sg,recherchesg,67938.0,3.919,2,3.38,3.5,10050.0,4.0,318
56c6f731bc435416ed5984d7,happyshoooping,happyshoooping,115575.0,4.017,2,5.75,30.5,10050.0,39.0,189
5a018060448a526b450ddab8,ZhtdxyscdymdgcStore,zhtdxyscdymdgcstore,150750.0,4.153,2,7.5,7.0,10050.0,6.0,599
57864d704d669274929898fb,shenzhenfuzhuangmaoyiyouxiangongsidianpu,深圳服装贸易有限公司店铺,153553.4,3.925,3,7.67,25.33,6673.0,51.0,259
584c23fbef56286074d2c9a6,gaowenxiao,gaowenxiao,132000.0,3.732,3,6.6,5.67,6667.0,16.0,386
5b1522ab7b94e12ee3d455c9,pan-emily,panemily,131800.0,3.85,3,6.59,5.67,6667.0,16.0,706
55e7e41e606d0a18fdfc67d1,besagift,besagift,200000.0,4.268,3,10.0,9.0,6667.0,11.0,126
583e7f658108913bced6f8cf,luojiayushop,luojiayushop,180000.0,4.29,3,9.0,8.0,6667.0,13.0,372
58216982dd9916453fe2d1a1,Simple_style,simple_style,118200.0,4.294,3,5.91,27.0,6667.0,77.0,331
5803772d4dcf7942d7280c39,2ist,2ist,280000.0,3.915,1,14.0,12.0,20000.0,16.0,308
5a200757518c1c4b34845a1f,ataoios,ataoios,116000.0,3.962,1,5.8,43.0,20000.0,87.0,609
537975ab71795104807b06b4,"Guangzhou Idea e-commerce co.,ltd",guangzhouideaecommercecoltd,220000.0,3.962,1,11.0,20.0,20000.0,45.0,12
5810a3d4a70e0356e24d3c6c,exingstore11,exingstore11,160000.0,3.999,1,8.0,7.0,20000.0,14.0,317
5a72e56d9d5e975657c1460a,liliyuanxi,liliyuanxi,220000.0,4.003,1,11.0,19.0,20000.0,43.0,626
598d8d1e2afd354f6ef9950d,hanzhy,hanzhy,180000.0,4.007,1,9.0,50.0,20000.0,82.0,564
570b68b9e902df590e48d196,byebyebye,byebyebye,220000.0,4.017,1,11.0,84.0,20000.0,87.0,220
56d813f66d64ff168ab1bfac,kam,kam,75800.0,4.047,1,3.79,49.0,20000.0,93.0,197
57a995f564fa71286bac2109,Shelan,shelan,140000.0,4.064,1,7.0,11.0,20000.0,37.0,278
5368f053bb72c5150191a140,new style,newstyle,180000.0,4.065,1,9.0,8.0,20000.0,12.0,11
5c80bd2ab1ad6a6fc52a7eb3,Prosehome,prosehome,140000.0,4.07,1,7.0,6.0,20000.0,16.0,779
59c0e0168696be51cef38e93,MlhaxzylgFashionStore,mlhaxzylgfashionstore,120000.0,4.073,1,6.0,6.0,20000.0,0.0,581
59cdc2112351344fc0dfa54f,centper3,centper3,180000.0,4.082,1,9.0,9.0,20000.0,0.0,587
55af776cc982de2775ba26d2,fengyizubao1,丰衣足包1,160000.0,4.084,1,8.0,59.0,20000.0,87.0,112
555f4174a4efd10ea5ebaa5f,sacha,深圳市美丽乐购科技有限公司,260000.0,4.097,1,13.0,30.0,20000.0,57.0,96
59df389c88dd76239f03c701,shangjing1012,shangjing1012,440000.0,4.097,1,22.0,19.0,20000.0,15.0,590
5756d060b833235cbc250227,bushangfushi,bushangfushi,260000.0,4.097,1,13.0,252.0,20000.0,95.0,238
54869f80546ead6e5b318f5b,guangzhou xinguang co. ltd.,guangzhouxinguangcoltd,240000.0,4.112,1,12.0,11.0,20000.0,9.0,62
5acf2091cd968d299afe79a3,yangxueqing,yangxueqing,120000.0,4.114,1,6.0,6.0,20000.0,0.0,658
580dd6425250a21944205a36,yshsbjj,yshsbjj,117400.0,4.119,1,5.87,5.0,20000.0,17.0,313
57aeb5fb5a4ac218de83b64d,superheros,superheros,160000.0,4.13,1,8.0,7.0,20000.0,14.0,282
58b26eaa01c02f5114ac2ae9,Wrong Turn,wrongturn,160000.0,4.147,1,8.0,7.0,20000.0,14.0,445
5c0232c1d9333c676958674e,forloveyou,forloveyou,140000.0,4.165,1,7.0,6.0,20000.0,16.0,769
595b54fcd44a9b1180cb102b,Shopping&Sharing,shoppingsharing,180000.0,4.168,1,9.0,36.0,20000.0,75.0,543
5b2620ddd1c360688799eb51,vemaneya,vemaneya,115600.0,4.184,1,5.78,8.0,20000.0,28.0,716
58df45e5795cf052ae1c2142,ligen,ligen,113200.0,4.196,1,5.66,5.0,20000.0,13.0,486
57820e33ea637711873c1618,Plan B,planb,73000.0,4.196,1,3.65,4.0,20000.0,9.0,257
57edcd19252c15203b411d82,Handsome_91,handsome_91,114200.0,4.197,1,5.71,84.0,20000.0,94.0,297
58183b4ea642e03dc54eda6e,shaoling01yang,shaoling01yang,160000.0,4.205,1,8.0,84.0,20000.0,91.0,327
542a670d4f66d92eba599455,BUSINESS INDUSTRY,businessindustry,160000.0,4.209,1,8.0,7.0,20000.0,14.0,39
584fd5cbd67ff04c93c70560,ZCMP,zcmp,100000.0,4.26,1,5.0,5.0,20000.0,0.0,387
53208a086fa88c662a693514,Fancykini Wardrobe,fancykiniwardrobe,260000.0,4.288,1,13.0,11.0,20000.0,18.0,8
58be502223167e61443f4d92,TopLifeYouNeed,toplifeyouneed,220000.0,4.292,1,11.0,10.0,20000.0,10.0,453
57875ba40cb30d38ba46f57d,Melantha,melantha,220000.0,4.31,1,11.0,37.0,20000.0,71.0,261
5487c9b1b9b7e705069489fb,Shanghai Chaochao Store,shanghaichaochaostore,117600.0,4.319,1,5.88,9.0,20000.0,35.0,64
55e7ed3230a9764b0761fc82,Women's Fashion maker international,womensfashionmakerinternational,53000.0,4.321,1,2.65,3.0,20000.0,12.0,127
54898f4c223ebf1cd713fdc2,"Guangzhou Teamwin Trading Co.,Ltd",guangzhouteamwintradingcoltd,380000.0,4.33,1,19.0,105.0,20000.0,82.0,65
57ff8c180fb8e31870c27d68,xidan1949,xidan1949,160000.0,4.448,1,8.0,75.0,20000.0,90.0,305
54b8872d40b37856baa55e38,meishu,meishu,73200.0,4.462,1,3.66,4.0,20000.0,9.0,72
5770ca6694fc5029d02c368a,hey jude flower,heyjudeflower,160000.0,3.901,2,8.0,7.0,10000.0,14.0,248
5810c46f02b01e15f8a10e38,champion_28,champion_28,118600.0,3.938,2,5.93,5.5,10000.0,8.0,322
561dc58d1f1ffb54d008b82f,allstars,义乌市丰岐电子商务有限公司,140000.0,4.144,2,7.0,12.0,10000.0,26.0,136
591c4e7f1a071f13df7a63ff,liwenjuan fashion store,liwenjuanfashionstore,160000.0,4.168,2,8.0,140.0,10000.0,95.0,512
53e442474497c57e900d7c64,astro_top,jiawang,160000.0,4.194,2,8.0,16.0,10000.0,50.0,25
54125ab34ad3ab158c0f72d9,Home Goods,公狼电子,220000.0,4.236,2,11.0,10.0,10000.0,10.0,36
570d017b1b4ca758e18e407d,Honest Fashion shopping,honestfashionshopping,160000.0,4.244,2,8.0,7.0,10000.0,14.0,223
5826f19f20a9402c37313979,Bees flying butterfly,beesflyingbutterfly,180000.0,4.307,2,9.0,10.0,10000.0,10.0,335
582833faea77701b456c786a,Sangboo Store,sangboostore,94830.0,3.868,8,5.45,5.38,2175.0,0.0,336
59aaa4d39fbc514dc80328e3,ONLYZY,onlyzy,170000.0,3.899,4,10.0,17.5,4250.0,27.0,572
5b14d31d7e43f22f255ea98c,taomi  gogo,taomigogo,61280.0,4.19,3,3.83,38.0,5333.0,89.0,705
5406cabdc5c2464980dc6314,Sammy ,yiwuelectronicinternational,109475.0,4.167,4,7.25,23.5,3775.0,47.0,34
5ae90e716691361cdb40fb0b,jjqiiozoqv,jjqiiozoqv,124575.0,4.275,4,8.25,22.5,3775.0,50.0,684
5784d339e8aa8938977fefd0,shenzhenmaoyifuzhuangdian,深圳贸易服装店,125366.5,4.146,3,8.33,17.67,5017.0,31.0,258
5c73a50ba0e25714e7f2bf90,realmhome,ssshowsmart,120000.0,3.938,2,8.0,7.0,7500.0,14.0,774
597767f6171974220c25560a,liuani,liuani,202500.0,4.03,2,13.5,11.5,7500.0,17.0,555
5810bc6d61e38656e04e8ba2,guanzhiming44553,guanzhiming44553,96750.0,4.055,2,6.45,5.5,7500.0,17.0,320
583547f417dc6224cb464117,singing  the  song,singingthesong,112500.0,4.058,2,7.5,7.0,7500.0,7.0,359
569f632ed5f0840dda331a97,haohuangsheng,浩皇升,150000.0,4.238,2,10.0,14.5,7500.0,25.0,180
57baf75f63834218e305e4f4,xiejiatang,xiejiatang,128118.0,3.886,5,9.78,8.6,2620.0,12.0,287
59c86bce67e9be6f9da5cb03,kuailem,kuailem,79300.0,4.03,4,6.1,43.0,3250.0,65.0,584
556d0dc2c00cd721cce30dd1,SZLCGC777,szlcgc777,75960.0,3.996,3,6.33,6.0,4000.0,5.0,98
584bcf7bfef409603f39b619,Chuanpu,chuanpu,71520.0,4.018,3,5.96,6.33,4000.0,8.0,385
566eaa533a698c6442549a74,Molesfashion,molesfashion,88800.0,3.947,4,7.4,25.0,3000.0,38.0,168
565c13ad389b9b2df29caa32,Sonick,sonick,73320.0,4.137,4,6.11,11.5,3000.0,33.0,155
5667f9745eec70268023940b,longfeifengwu,龙飞凤舞,114016.0,3.947,5,10.18,13.0,2240.0,4.0,162
58cfdefdacb37b556efdff7c,allenfan,allenfan,97125.0,4.02,4,8.75,9.5,2775.0,7.0,466
5832e5632f5e534c23488f06,yiliannvhai,yiliannvhai,127650.0,4.101,4,11.5,17.75,2775.0,20.0,355
55542b4b662da7114d591723,SZLTHT999,szltht999,88000.0,4.102,3,8.0,8.0,3667.0,1.0,93
5829d1ca96db262f04db2063,shishishi,shishishi,88000.0,3.85,2,8.0,60.5,5500.0,70.0,339
5831ae002f5e534c0a485f06,jiangshanpu,jiangshanpu,99000.0,3.865,2,9.0,18.0,5500.0,31.0,353
53994751796f684b7f2193b5,Clothes-Market,qianshanlangweitradingcoltd,76230.0,3.973,2,6.93,22.5,5500.0,41.0,16
57086fd7fa6bee434d0e5852,Surper boutique,surperboutique,66000.0,4.029,2,6.0,50.0,5500.0,81.0,217
5954b765abea9167c0495382,tingtingwang,tingtingwang,115500.0,4.163,2,10.5,9.0,5500.0,16.0,542
58481b8e728de666bd5b925f,jayne208,jayne208,165000.0,4.193,2,15.0,125.0,5500.0,88.0,380
57c306d73a698c06f98ed450,SKATE,skate,76500.0,4.114,4,7.5,21.0,2550.0,65.0,288
57fde031235aaa1926afe803,makingsuper,makingsuper,67367.0,4.014,3,6.67,27.33,3367.0,51.0,303
55cc46e9b4f3404582b70222,suzhou lever co. ltd.,suzhoulevercoltd,101000.0,3.928,2,10.0,27.0,5050.0,47.0,117
5667c747eb4b140fe963ba77,Justfashion,顶级婆娘,75750.0,3.987,2,7.5,46.0,5050.0,46.0,161
5b24b6bdd1c3601ba899f0c0,cjinxiang,cjinxiang,120000.0,3.795,1,12.0,11.0,10000.0,9.0,713
5d4b891183889735374d3c88,sunsunxinxin,sunsunxinxin,80000.0,3.795,1,8.0,56.0,10000.0,86.0,822
582872761004352e57ee38a1,pumpkin262012,pumpkin262012,90000.0,3.849,1,9.0,14.0,10000.0,36.0,338
5b14bc7ddaac4575492a01c5,lirenlanfan,lirenlanfan,110000.0,3.872,1,11.0,20.0,10000.0,45.0,704
59a2e74a8696be0eeb7a7ba9,shipping666,shipping666,80000.0,3.897,1,8.0,7.0,10000.0,14.0,568
5d3d59c772b0c92f4d1ea32d,Shen Fashion Style,shenfashionstyle,70000.0,3.907,1,7.0,16.0,10000.0,57.0,789
582d5286168b54404ec5ecf2,xiaojiunian,xiaojiunian,130000.0,3.941,1,13.0,14.0,10000.0,8.0,344
591ed674fc9cce0fcd7ff354,cp7438,cp7438,59000.0,3.952,1,5.9,5.0,10000.0,18.0,513
5b8beef49996c87b299cdbec,2312hangm,2312hangm,110000.0,3.958,1,11.0,10.0,10000.0,10.0,749
5833f721e18c0f15d659a8ed,letaoba,letaoba,80000.0,3.961,1,8.0,7.0,10000.0,14.0,357
5b629265299c7e3db17cf86d,hanqidress180,hanqidress180,57699.99999999999,3.975,1,5.77,5.0,10000.0,15.0,734
58579043e950f24d94f612dc,Ashley Go,ashleygo,80000.0,3.976,1,8.0,13.0,10000.0,39.0,395
57e90050b97437131f78c7d7,Li WL SHOP,liwlshop,57800.0,3.982,1,5.78,26.0,10000.0,78.0,295
584a9e7421390e4cb68dec18,xiaojubo,xiaojubo,80000.0,3.982,1,8.0,7.0,10000.0,14.0,383
5620c3b23a698c4bc7d17e8c,Chen Tidal current clothing,chentidalcurrentclothing,120000.0,3.985,1,12.0,11.0,10000.0,9.0,138
58061170aa46c6195c12950b,CMQ shop,cmqshop,80000.0,3.988,1,8.0,9.0,10000.0,12.0,310
5847df29728de666ef5b853b,chenxiaoxiao123,chenxiaoxiao123d510cc6cbc6411e6889406a73363ddae,80000.0,3.995,1,8.0,8.0,10000.0,0.0,379
56669d89eb4b14361d45090f,Eris's store,erissstore,56500.0,4.018,1,5.65,25.0,10000.0,78.0,160
58da4490933abf52ad547200,eatluncher,eatluncher,80000.0,4.025,1,8.0,118.0,10000.0,94.0,480
578ed3e53a698c2b54ac93f4,Eleven international,eleveninternational,110000.0,4.026,1,11.0,10.0,10000.0,10.0,272
55cc3e5f845591103477a2f8,BENNA,benna,60000.0,4.033,1,6.0,9.0,10000.0,34.0,116
570ceafac277d445e3cbebe5,Excellent Fashion Store,excellentfashionstore,80000.0,4.053,1,8.0,7.0,10000.0,14.0,221
5b6bb9c8dd0d902d18928318,nanguoguan,nanguoguan,56800.0,4.054,1,5.68,7.0,10000.0,19.0,739
5556c60071e86d19fe7590d4,Grace Style Fashion Store,gracestylefashionstore,60000.0,4.055,1,6.0,7.0,10000.0,15.0,94
5a9cfdb4ccf0c85918542fdd,galowtew,galowtew,70000.0,4.066,1,7.0,6.0,10000.0,16.0,629
565973368f5f027e14060846,SEVEN O.O,xinshengangcai,140000.0,4.071,1,14.0,75.0,10000.0,82.0,154
5730557ae3daeb5b35ee1f0b,songluping,songluping,60000.0,4.074,1,6.0,8.0,10000.0,25.0,232
573d951ad57895595f6d5854,wifehome,wifehome,80000.0,4.077,1,8.0,7.0,10000.0,14.0,234
567a54fe7071ec7e12a1494e,Happy Street,happystreet,90000.0,4.079,1,9.0,8.0,10000.0,12.0,170
5b52ea49b56d05463d973207,wuxinqiudress21076,wuxinqiudress21076,80000.0,4.085,1,8.0,22.0,10000.0,64.0,731
5448701f90c77609a237f99f,Fashion Show Style,fashionshowstyle,120000.0,4.088,1,12.0,13.0,10000.0,8.0,46
5780c6b2e8aa893157a3286f,High Flagship Store,highflagshipstore,70000.0,4.101,1,7.0,6.0,10000.0,16.0,256
5939085087117919c6f12a77,chenhai1028,chenhai1028,19100.0,4.105,1,1.91,2.0,10000.0,5.0,524
58c28c4cae99c651278d7e6e,Ji hua shishang,jihuashishang,110000.0,4.109,1,11.0,10.0,10000.0,10.0,458
591c47e34d43573c91966c72,"ShenZhen Lianbotongshi Co.,Ltd",shenzhenlianbotongshicoltd,110000.0,4.115,1,11.0,43.0,10000.0,75.0,511
5937930e188f3d1bd209896d,ainiu,ainiu,110000.0,4.122,1,11.0,12.0,10000.0,9.0,521
57fcc26f1c813a50b2a86956,007 Fashion,007fashion,60000.0,4.123,1,6.0,142.0,10000.0,96.0,302
5acdb384ccf0c86f34c5d539,yutinomupoi,yutinomupoi,70000.0,4.125,1,7.0,6.0,10000.0,16.0,655
5addba5481260b1ddfffe5a3,houxiandaili,houxiandaili,70000.0,4.145,1,7.0,16.0,10000.0,57.0,668
56c3c5d830d9795c3bad3124,Teamwolf,teamwolf,130000.0,4.148,1,13.0,11.0,10000.0,18.0,186
59b88527b77173631729908e,008fashion,008fashion,40000.0,4.149,1,4.0,4.0,10000.0,0.0,579
56e6928521790d587623b3b4,Brittany,brittany,50000.0,4.151,1,5.0,5.0,10000.0,0.0,206
57973560cb38dd77d126e9f1,VR Shopping,vrshopping,110000.0,4.152,1,11.0,16.0,10000.0,32.0,273
5acc6cc0c3911a32ad141f60,yangboyang,yangboyang,70000.0,4.162,1,7.0,9.0,10000.0,23.0,652
5961d4e6905fdb5a6f505cd3,zhangj,zhangj,80000.0,4.181,1,8.0,7.0,10000.0,14.0,547
59dc769133a48743534ac5c7,modelup,modelup,110000.0,4.181,1,11.0,11.0,10000.0,0.0,589
586dff6c16e4106b5e5feb58,weshamazoon,weshamazoon,60000.0,4.183,1,6.0,76.0,10000.0,93.0,411
5ae5c3cb4215954239aff8b9,Wwenliping,wwenliping,60000.0,4.188,1,6.0,10.0,10000.0,40.0,681
57d904168172661fe3b3256a,Manystone91,manystone91,90000.0,4.192,1,9.0,59.0,10000.0,85.0,292
58ffff331a1cef16a78c78f4,Treasure land,treasureland,130000.0,4.203,1,13.0,84.0,10000.0,85.0,500
598040ea0ec30f7f43a3cc35,yuzk,yuzk,90000.0,4.209,1,9.0,8.0,10000.0,12.0,560
56e628924bd2915857b4ffdf,DAKARING,dakaring,140000.0,4.224,1,14.0,12.0,10000.0,16.0,205
56f0f2bdc3c3715871ade946,BrendaBear,brendabear,80000.0,4.228,1,8.0,25.0,10000.0,68.0,211
5d52278327752b029793c927,Happy kids shop,happykidsshop,17700.0,4.238,1,1.77,2.0,10000.0,12.0,836
5b43232f86152a07d4ffc58c,yanxiahome,yanxiahome,80000.0,4.241,1,8.0,11.0,10000.0,28.0,726
5b8a5636af279f1699366496,maozhuocai,maozhuocai,180000.0,4.251,1,18.0,17.0,10000.0,5.0,748
551c02310570552bbd036dbb,"Women wardrobe Apparel Trade Co., Ltd.",womenwardrobeappareltradecoltd,80000.0,4.259,1,8.0,11.0,10000.0,28.0,83
5ad31267ea8764621df718c0,tianjianyingfeng,tianjianyingfeng,60000.0,4.28,1,6.0,31.0,10000.0,81.0,663
58b81d56e3f66d59b36812ac,A small twist of sweet fruit,asmalltwistofsweetfruit,70000.0,4.293,1,7.0,6.0,10000.0,16.0,448
53ad2f5a46188e43c8b6bef6,Keeptop international,keeptopinternational,130000.0,4.301,1,13.0,84.0,10000.0,85.0,19
591a999d1a071f7e40e984a4,HOT SUMMERR,hotsummerr,160000.0,4.301,1,16.0,14.0,10000.0,14.0,510
56e7bdeefdc43f585fce9122,seagull,seagull,130000.0,4.308,1,13.0,11.0,10000.0,18.0,207
53f2db3c104dae6bcae0c271,fantastic_tune,fantastic_tune,40000.0,4.311,1,4.0,4.0,10000.0,0.0,29
5577b101429aa92940bc33e7,rainbowmall,hkdachangshengtradelimited,60000.0,4.314,1,6.0,6.0,10000.0,0.0,103
596c927e94158579f28517e3,The Small's store,thesmallsstore,80000.0,4.322,1,8.0,47.0,10000.0,83.0,552
5b2604207b94e16c00375350,zhaowenxiang,zhaowenxiang,60000.0,4.324,1,6.0,6.0,10000.0,0.0,715
59797d8e439a9870104928a1,qtcjcc03,qtcjcc03,90000.0,4.343,1,9.0,17.0,10000.0,48.0,556
565537c7a9a8a4572be0bef5,Vangull,zhuoyi,170000.0,4.353,1,17.0,15.0,10000.0,13.0,153
5bd0a13aa8f4bb2739445be4,SOLID VALUE,simplevalueltd,56600.0,4.356,1,5.66,5.0,10000.0,13.0,764
58a6971e0e16e97a6636a1b8,Home Stuff,homestuff,46600.0,4.395,1,4.66,5.0,10000.0,7.0,433
57713183bd6b18740117229d,HENTOL,kkksport,36700.0,4.396,1,3.67,4.0,10000.0,9.0,249
585037af728de662411bd39a,zanglixia555,zanglixia555,85000.0,3.775,2,8.5,8.0,5000.0,4.0,390
5bde9444a53011739fbde291,hzxuch,hzxuch,85000.0,3.818,2,8.5,8.0,5000.0,5.0,768
5646e6e72a6bdb446aaf6cc8,Leemin,leemin,110000.0,3.88,2,11.0,10.0,5000.0,10.0,146
58d20e95c7b73b52c9670c22,Beauty Look,beautylook,50000.0,4.048,2,5.0,6.0,5000.0,17.0,471
56c55a76cce1893c1b8a1716,gimi06,gimi06,50000.0,4.07,2,5.0,8.0,5000.0,38.0,187
5b658cbebc3b221445ba1440,pumpkincarriages,pumpkincarriages,70000.0,4.082,2,7.0,159.0,5000.0,96.0,735
58dceeb2a6d6757401114dfd,persisttree,persisttree,130000.0,4.106,2,13.0,11.5,5000.0,12.0,484
599bf53b21064f19ffffc891,longfashionstores,longfashionstores,100000.0,4.124,2,10.0,18.0,5000.0,30.0,566
57fc688ffcd3bb1955cb6f31,Ruo Qiong Shop,ruoqiongshop,70000.0,4.217,2,7.0,26.0,5000.0,74.0,301
58a6b5d975b8da57c954c719,Dazzling_store,dazzling_store,47500.0,4.286,2,4.75,4.5,5000.0,4.0,434
5495976a40b3782bc8b3654a,OOWW FASHION,ooww,78000.0,3.954,4,9.75,11.25,2000.0,5.0,68
5ae296b6cd968d66be12d247,chenqinq,chenqinq,60690.0,4.062,3,8.67,24.33,2333.0,27.0,673
587f85cbb8038f4cb049c56c,First Crush,firstcrush,43890.0,4.08,3,6.27,14.33,2333.0,43.0,424
5ae3d438c1d5187ae0dcea90,pwiuxuus,pwiuxuus,72310.0,4.147,3,10.33,27.0,2333.0,36.0,678
571b38e66c39b141b1ad43e1,LALALA FASH,lalalafash,35650.0,3.858,4,5.75,5.5,1550.0,3.0,229
58311e2257e86a1b8863f74c,wangjiangxu,wangjiangxu,52700.0,3.968,4,8.5,33.0,1550.0,36.0,347
58a99ceca65ebc504a6ebf1e,longming,longming,53878.99999999999,3.966,4,8.95,42.75,1505.0,37.0,437
58b92804935861529969e778,USA Mall,usamall,35879.7,4.254,3,5.97,5.33,2003.0,11.0,449
5d464f4a56a26046dd1bb8a4,HwaLee,hwalee,72000.0,3.777,2,12.0,11.0,3000.0,9.0,810
5d49403060c79c113a908720,Kallyett,kallyett,45000.0,3.871,2,7.5,6.5,3000.0,15.0,819
583e34bb0299bc7904a92edf,Lees Closet,leescloset,54000.0,4.152,2,9.0,8.0,3000.0,12.0,370
5860cf7b0929fc4d76180aed,Girls' showtime,girlsshowtime,60000.0,4.194,2,10.0,9.0,3000.0,11.0,406
5788a55ba78e3f2dce4126ff,allofme,allofme,21000.0,4.223,2,3.5,3.5,3000.0,0.0,266
58d0c52c19bf8b6b34178db0,886806Blw,886806blw,57000.0,4.268,2,9.5,61.0,3000.0,82.0,467
5268759b736046671957190c,Maryswill,maryswill,12474.0,3.838,5,2.31,10.0,1080.0,75.0,3
55f7c64b3a698c4749f3bccf,Adrea boutique,adreaboutique,40687.5,4.074,4,7.75,13.5,1313.0,12.0,131
566a47bfe9fa8a31b3ef5141,owiner,owiner,35700.0,4.002,5,6.8,32.4,1050.0,68.0,166
54d83b6b6b8a771e478558de,sell best quality goods,sellbestqualitygoods,15600.0,3.696,3,3.0,46.67,1733.0,92.0,75
53f6b7c81c105e2dfac91041,charming_family,charming_family,45084.0,4.301,3,8.67,8.0,1733.0,7.0,30
58ba636a69ad29505a730852,Memo2,memo2,17187.0,3.832,2,3.37,43.5,2550.0,54.0,450
5963882dd9b42511248ca27d,silveres_9,silveres_9,55998.0,3.854,2,10.98,10.0,2550.0,6.0,548
5788dc8d88eb7a2e8a04b1b2,shenzhenxiaozhishangpu,深圳小志商铺,63750.0,3.955,2,12.5,35.5,2550.0,33.0,267
5ad4325e9bda4e08bf7fd188,qinjingjing2018,qinjingjing2018,86700.0,4.065,2,17.0,64.0,2550.0,36.0,664
5d173ba2dbf7606ee45e0b19,Wufangzhong,wufangzhong,30600.0,4.216,2,6.0,17.0,2550.0,65.0,782
5b235f8ad1c3603c027fdcda,SEABOY2,seaboy2,51000.0,4.218,2,10.0,9.5,2550.0,3.0,712
583e3e7a5022c71b82d1b18c,bethaz19,bethaz19,32334.0,4.236,2,6.34,13.5,2550.0,28.0,371
5817f156d8ef7848c3b400cc,ocean5for8ZH,ocean5for8zh,58650.0,4.386,2,11.5,128.5,2550.0,91.0,326
593aa1956a74d26d7914a7e4,JEANSDE,jeansde,60000.0,3.682,1,12.0,11.0,5000.0,9.0,525
59a8267535e73b1fe45b702e,cyh888,cyh888,35000.0,3.687,1,7.0,6.0,5000.0,16.0,571
5832a8766945cb1c96d3e2d8,yunanjie,yunanjie,90000.0,3.795,1,18.0,27.0,5000.0,34.0,354
58314fcb7284901b7ca0d358,yuhkgmaal,yuhkgmaal,40000.0,3.8,1,8.0,8.0,5000.0,0.0,350
57ac6144abd6d018985e34a7,haitaotaomingdian,海涛涛名店,75000.0,3.819,1,15.0,13.0,5000.0,15.0,280
5ad6ddb822fad74c8ed3fa3a,jmm926,jmm926,45000.0,3.821,1,9.0,8.0,5000.0,12.0,665
5ae2fae49d5e9703cfd6b63c,ChenMo Shop,ahaashop,55000.0,3.843,1,11.0,17.0,5000.0,36.0,677
59e6e21337f9f80861ee895f,loveisabicth,loveisabicth,40000.0,3.864,1,8.0,50.0,5000.0,84.0,593
5ba8dffeb2f5b12221c73576,Xiaojun579,xiaojun579,55000.0,3.873,1,11.0,108.0,5000.0,90.0,761
58de1f5eef07c15511148726,yushimaoyi,yushimaoyi,60000.0,3.897,1,12.0,16.0,5000.0,25.0,485
5a6166cbedd44230ea9c60dc,wangdandanshixiaoniao,wangdandanshixiaoniao,40000.0,3.904,1,8.0,7.0,5000.0,14.0,623
5b96067f42ebca48f6c041e8,eeeeffff889966,eeeeffff889966,65000.0,3.911,1,13.0,17.0,5000.0,24.0,755
578793716b944637fa356bb4,xingle,xingle,30000.0,3.923,1,6.0,6.0,5000.0,0.0,263
578e02bec0e9340e993d13f4,hellocome,hellocome,40000.0,3.946,1,8.0,7.0,5000.0,14.0,270
5a1a2758f3c1176a45e41544,Tinaglobalstore,tinaglobalstored00e17e8d25111e7b653025b800a2048,55000.0,3.946,1,11.0,12.0,5000.0,9.0,608
576518fcf093bd5e79c5e351,praden,praden,65000.0,3.946,1,13.0,51.0,5000.0,75.0,244
5a5a074d87c25b39c7a80ef1,zhangjian1234,zhangjian1234,30000.0,3.949,1,6.0,41.0,5000.0,86.0,620
5646025ecb3a45127928c032,Younger Style!!!,youngerstyle,55000.0,3.958,1,11.0,10.0,5000.0,10.0,145
54f804901c36ca266909d090,smileeveryday,shanghaipangaotradingcoltd,95000.0,3.96,1,19.0,17.0,5000.0,11.0,77
5b5a8a32f114fc2a4ca301d3,yangyanlinbh202,yangyanlinbh202,70000.0,3.96,1,14.0,27.0,5000.0,49.0,733
57ff8bcd0712e0312f81ed73,zjyuanhang.1,zjyuanhang1,10000.0,3.966,1,2.0,2.0,5000.0,0.0,304
5ae417f567d25c041f6dd934,xiaoameiyou,xiaoameiyou,60000.0,3.978,1,12.0,17.0,5000.0,30.0,679
5837b0dc751d4d1b6e319c73,vibrance_boutique,vibrance_boutique,65000.0,3.981,1,13.0,11.0,5000.0,18.0,362
58c4f51a77361650efb028df,justlovemequella,justlovemequella,45000.0,3.981,1,9.0,8.0,5000.0,12.0,460
58160e10f870301b4bff64fc,zhaojinghui,zhaojinghui,45000.0,3.986,1,9.0,8.0,5000.0,12.0,324
56d6cf588bd26e03ee663123,sangery,sangery,45000.0,3.995,1,9.0,50.0,5000.0,82.0,196
5825d0a72cf1425389672c35,shishaokang,shishaokang,40000.0,4.002,1,8.0,7.0,5000.0,14.0,334
5d55015e3cc46d5c40a15c19,YULINGH,yulingh,45000.0,4.015,1,9.0,19.0,5000.0,53.0,842
5d7c4cc361090057c2bc7331,huhaniu,huhaniu,60000.0,4.018,1,12.0,13.0,5000.0,8.0,858
5902b4eab3e322098d3b41eb,aristotle,aristotle,55000.0,4.022,1,11.0,88.0,5000.0,88.0,503
59afe1e030e1f33208fb2ca0,suzhure,suzhure,35000.0,4.025,1,7.0,6.0,5000.0,16.0,574
5819eb90d3d4474ddf97b23e,liaowangting,liaowangting,25000.0,4.029,1,5.0,5.0,5000.0,0.0,329
59cc8ef5776ab943e535b888,kljolk,kljolk,75000.0,4.04,1,15.0,13.0,5000.0,15.0,586
5810b1db3deb94160f5cd4a3,zktrade.co.ltd,zktradecoltd,30000.0,4.041,1,6.0,6.0,5000.0,0.0,319
58380161e18c0f0c70dd6907,hallerail,hallerail,40000.0,4.041,1,8.0,7.0,5000.0,14.0,363
59644507366c0629be364972,zhongminjun,zhongminjun,45000.0,4.045,1,9.0,8.0,5000.0,12.0,549
59cef71c21064f20067f4313,duoleh,duoleh,40000.0,4.046,1,8.0,17.0,5000.0,53.0,588
57adc71ab0960b039817e137,chaokelaihuanxishangpu,潮客来欢喜商铺,45000.0,4.048,1,9.0,8.0,5000.0,12.0,281
5a17b55d1f4d8c4f0b44b0ce,postonny,postonny,90000.0,4.053,1,18.0,27.0,5000.0,34.0,606
563a19d1f75382101530dc15,SZ Globe Fashion World,szglobefashionworld,40000.0,4.054,1,8.0,7.0,5000.0,14.0,140
5972058b439a9828e425dd78,chailing,chailing,55000.0,4.054,1,11.0,11.0,5000.0,0.0,554
587f55e57f83404d58fe59fb,caohongbo,caohongbo,45000.0,4.057,1,9.0,8.0,5000.0,12.0,423
587b795b0366d00c898ea210,aa388ps,aa388ps,45000.0,4.058,1,9.0,13.0,5000.0,31.0,420
58e5a2822d91301f0b3a6bd9,pinksnow,pinksnow,40000.0,4.064,1,8.0,65.0,5000.0,88.0,489
5c17357134f7db2450b03d51,LuckyFA Trend Shoes,luckyfatrendshoes,30000.0,4.069,1,6.0,29.0,5000.0,80.0,771
53e4bb20ff4d6d1b68bdb6d1,bestwsih4u,shenzhenfinejofashioncoltd,18350.0,4.071,1,3.67,9.0,5000.0,60.0,26
5528e31e43a8db0c29241cd1,so crazy ear,socrazyear,55000.0,4.081,1,11.0,10.0,5000.0,10.0,84
5641e263906c9c12737e6725,Star Trading Company,startradingcompany,28250.0,4.089,1,5.65,9.0,5000.0,38.0,142
56dd52e8e0a234169b46c4ca,sundaterly,sundaterly,45000.0,4.091,1,9.0,8.0,5000.0,12.0,202
530306fe34067e3f15c41d87,ailla clothing,litiannetworking,95000.0,4.093,1,19.0,21.0,5000.0,10.0,6
5e50d52818034a6835aeed37,chenyarushop,chenyarushop,10000.0,4.1,1,2.0,7.0,5000.0,72.0,902
5b5576f84543f458aee346fb,minyuehuaiy9618,minyuehuaiy9618,70000.0,4.11,1,14.0,26.0,5000.0,47.0,732
585a8e9a7b78704cd251a232,yuanchentrade,yuanchentrade,25000.0,4.121,1,5.0,5.0,5000.0,0.0,400
5878edca3497136a61732df9,UTOA.SPORTSOUT,utoasportsout,40000.0,4.131,1,8.0,7.0,5000.0,14.0,417
585f9ac5d7d14e4d51c16d4e,To maintain a good mood is the good life,tomaintainagoodmoodisthegoodlife,35000.0,4.135,1,7.0,9.0,5000.0,23.0,403
543cf22998dc200761d621b2,Fashion show11,qianshanlangweigarmentstradingcoltd,28450.000000000004,4.138,1,5.69,17.0,5000.0,67.0,42
5ae6dab8b125ab6825502d06,yu wen xiu,yuwenxiu,18650.0,4.146,1,3.73,9.0,5000.0,59.0,682
5911220e84aaef7ce5d732ef,Sunshine754,sunshine754,30000.0,4.156,1,6.0,17.0,5000.0,65.0,507
587b63ed3cca004cbd02d7d3,guangzhouyangguang,guangzhouyangguang,30000.0,4.158,1,6.0,38.0,5000.0,85.0,419
5e673ce450536b05cca259f2,zengzhaoti,zengzhaoti,55000.0,4.171,1,11.0,38.0,5000.0,72.0,923
59e70d8ceea5c546fa152f42,Lyxljcktwsjtzwlstore,lyxljcktwsjtzwlstore,40000.0,4.176,1,8.0,7.0,5000.0,14.0,594
56db028b3a9cb801c374b3c6,LONG Fashion mail,longfashionmail,30000.0,4.177,1,6.0,6.0,5000.0,0.0,200
57e00221b8115e1061a6f6d0,Top 1 toYOU,top1toyou,40000.0,4.178,1,8.0,7.0,5000.0,14.0,293
5a5f153e430b71500d87877c,htaassw,htaassw,40000.0,4.193,1,8.0,58.0,5000.0,87.0,622
58f0a6738a60c363c1281d72,Anqiyila,anqiyila,35000.0,4.193,1,7.0,25.0,5000.0,72.0,492
540ec1f21d2d431f2d4b5cb6,MayLin1230,maylin1230,40000.0,4.2,1,8.0,122.0,5000.0,94.0,35
54236fbbf6d29616559514c9,beauties,fengshangtrade,40000.0,4.216,1,8.0,27.0,5000.0,71.0,38
59538508e81e8a67610d9c8b,summernights,summernights,70000.0,4.226,1,14.0,68.0,5000.0,80.0,540
5ad02d61ccf0c866db06b8c9,beihaidaofj,beihaidaofj,28450.000000000004,4.228,1,5.69,5.0,5000.0,13.0,660
5a69c113da6ce6220cd14e05,lilianjie,lilianjie,25000.0,4.23,1,5.0,5.0,5000.0,0.0,625
5435ef5d01c0c057210e6b32,World Deal,worlddeal,80000.0,4.231,1,16.0,34.0,5000.0,53.0,40
5950dd272eac1127e00c4883,Skrt,skrt,70000.0,4.232,1,14.0,89.0,5000.0,85.0,536
59e968275d6f342463a6157b,nacylucy,nacylucy,65000.0,4.237,1,13.0,68.0,5000.0,81.0,595
56d954c8d30d44338d07e50a,The nice men fine leather goods,thenicemenfineleathergoods,35000.0,4.25,1,7.0,22.0,5000.0,69.0,198
58eb0bacd36f081046b7149c,shaomengna,shaomengna,40000.0,4.251,1,8.0,7.0,5000.0,14.0,490
582173d6797f2308a87626e7,fashiononmywayup,fashiononmywayup,28250.0,4.252,1,5.65,5.0,5000.0,13.0,332
5ac0310597223354603de223,Jingka,jingka,55000.0,4.253,1,11.0,10.0,5000.0,10.0,647
5576bb43de4a8c24953ae98f,uranus,hongkonghaijietradecolimited,55000.0,4.257,1,11.0,10.0,5000.0,10.0,102
58be241991fd205b2462acc3,ZanzeaFashion,zanzeafashion,70000.0,4.261,1,14.0,84.0,5000.0,84.0,452
53c62f6b46188e177eb57b6d,vipgirl,emilylimited,80000.0,4.267,1,16.0,56.0,5000.0,72.0,21
59410b5a7c64942ee36dad7a,owlzaw,owlzaw,40000.0,4.279,1,8.0,7.0,5000.0,14.0,528
578e0488ba8cd20e9b1b4a3b,Bruce Sky,brucesky,25000.0,4.297,1,5.0,5.0,5000.0,0.0,271
589ae185ad330a4feb2b6dd5,Sweat moly,sweatmoly,40000.0,4.299,1,8.0,7.0,5000.0,14.0,428
593f5bc925c4f57281c63593,Sun Sugar,sunsugar,15000.0,4.304,1,3.0,17.0,5000.0,83.0,526
547bdd648edcfa5656cac810,Faringoto,maxgoods,13300.0,4.306,1,2.66,3.0,5000.0,12.0,57
58f6f47891a95f10f0c54b8c,dream_studio,dream_studio,40000.0,4.316,1,8.0,7.0,5000.0,14.0,493
561921dd9342a274cb448c07,fashion belts,fashionbelts,40000.0,4.397,1,8.0,17.0,5000.0,53.0,135
5879cca64f3f2e4e79ae70ae,delamareglass,delamareglass,20000.0,4.398,1,4.0,26.0,5000.0,85.0,418
585a1ec0b357934ca66b1457,OIZEN,oizen,55000.0,4.465,1,11.0,26.0,5000.0,58.0,398
59b29ff23eb22a1355606548,AKLOVERS,aklovers,75000.0,4.471,1,15.0,13.0,5000.0,15.0,576
545c2b1790c776172b72d5ab,bluesky1,bluesky1,52000.0,4.057,4,13.0,11.25,1000.0,15.0,49
5aa78a0c75599a5bd049d682,myunxiaodian,myunxiaodian,29440.0,4.033,5,9.2,11.0,640.0,17.0,636
5ae00dbf67d25c69bcf0251c,yuanhuaxiaodaian,yuanhuaxiaodaian,35650.0,4.195,4,11.5,22.75,775.0,14.0,671
5e5363458cd99e4035bcd1c8,chengyongbo64,cyb654,25860.0,3.96,3,8.62,63.0,1000.0,86.0,908
56fba259138ef73c2a749a56,zuilangmanDS,zuilangmands,7488.0,3.959,6,3.12,3.33,400.0,9.0,212
5177b0b63feb620dd802a197,Maxnina,maxnina,15709.0,3.79,5,6.83,6.6,460.0,1.0,1
5d5256c527752b19063d8c53,alabaostore,alabaostore,17319.0,3.943,5,7.53,6.8,460.0,7.0,837
5d4a717070327a03c1e7644e,dududustore,dududustore,13567.5,3.797,5,6.03,7.0,450.0,21.0,821
5952a218e81e8a4c30b5bbbc,mayuhiao,mayuhiao,14014.0,3.957,4,6.37,5.5,550.0,15.0,538
5ae7cee3a71fbf0725de5d43,dawtgkaopai,dawtgkaopai,12958.0,4.003,4,5.89,21.5,550.0,60.0,683
570e15d2a18a3f5bc5285b9d,blessua,blessua,13755.0,3.953,3,6.55,14.67,700.0,43.0,224
56c6a33fabb774437118cd63,bazaretsaintfrusquin,bazaretsaintfrusquinc81f273ad6c611e5aa81062170e5f359,12600.0,3.965,3,6.0,5.67,700.0,3.0,188
5ae29b4e1baafe7c0109c5ae,longlongchenchen,longlongchenchen,16107.0,4.024,3,7.67,25.33,700.0,40.0,674
58c35950e2de036da9e2b570,roserose,roserose,20307.0,4.064,3,9.67,48.0,700.0,65.0,459
5abb2cf26be8733b5bf6844f,maligoodsmart,lazzyshop,7413.0,4.117,3,3.53,6.67,700.0,48.0,643
58259c456ebae74739ecfdc8,jiayun shop,jiayunshop,20307.0,4.15,3,9.67,9.0,700.0,6.0,333
5ae93337d204cc177313f242,huaxianglarou,huaxianglarou,19593.0,4.232,3,9.33,20.33,700.0,52.0,685
5d46d6fd4c78550b43ab8351,Wushuang Sciense,wushuangsciense,16000.0,3.476,2,8.0,7.0,1000.0,14.0,814
5eba4507ad610e0589cab8c3,songliling,songliling,12000.0,3.677,2,6.0,10.0,1000.0,40.0,955
565c293d99558d1ed8ae7fb2,Yellow store,yellowstore,13800.0,3.81,2,6.9,20.0,1000.0,56.0,157
583512a3b63b3b249b0acc46,Streetstyle,streetstyle,12000.0,3.862,2,6.0,47.0,1000.0,88.0,358
55d18ce6183a5d103f970011,Youngirls,youngirls,11000.0,3.871,2,5.5,19.0,1000.0,67.0,119
547d7e413b64451274068583,Fashion Icon 365,fashionicon365,11700.0,3.895,2,5.85,13.0,1000.0,55.0,59
5440e3d7f8abc82cbd97b19c,Gossip Girl 1,aqlangweigarmentstradingcoltd,22000.0,3.908,2,11.0,152.0,1000.0,93.0,44
546d44001280fa3ce1bf80fa,HUASHU co. ltd.,huashucoltd,24000.0,3.91,2,12.0,17.0,1000.0,30.0,55
566a25e33a698c1f131fd872,CVhart,cvhart,15000.0,3.949,2,7.5,11.0,1000.0,30.0,164
5a5c78ee9d0a7b724c6535fa,charmyaner,charmyaner,18000.0,3.965,2,9.0,65.0,1000.0,87.0,621
5b8e776e2eb51f7a5900a88a,ZZXia,zzxia,16000.0,3.965,2,8.0,7.0,1000.0,14.0,753
5d47dd864f7ba75f53d67c7c,kaiqiangmaoyi,kaiqiangmaoyi,14000.0,4.012,2,7.0,50.0,1000.0,86.0,816
58fde9517c09181253b0ef86,mimily,mimily,14000.0,4.013,2,7.0,6.0,1000.0,16.0,496
58c921126c30436b692b1ead,speedup,speedup,22000.0,4.039,2,11.0,33.5,1000.0,33.0,462
58c910072be00b51c601ccee,BigHero,bighero,20000.0,4.057,2,10.0,33.5,1000.0,35.0,461
5adef3559d5e9767b3177472,meiximeiyo,meiximeiyo,18660.0,4.06,2,9.33,8.5,1000.0,6.0,669
59c7610621064f2f6c8c9fe7,HuanShiCiTrade,dadaclothes,16000.0,4.097,2,8.0,7.0,1000.0,14.0,583
5d410bd1fe55c814ade29a1c,Super Shopping Mart,supershoppingmart,16000.0,4.109,2,8.0,7.0,1000.0,14.0,794
580f06685250a20783d33e56,saya2016,saya2016,28000.0,4.151,2,14.0,75.5,1000.0,82.0,314
548142ac653d51041ac1174f,Get Trendy,gettrendy,11680.0,4.173,2,5.84,11.0,1000.0,47.0,60
5ae56280ddf45b183333ac45,zoushoujintmiao,zoushoujintmiao,11740.0,4.182,2,5.87,36.0,1000.0,73.0,680
5938c5a58e5b2e6601f01c6f,No1fashions,no1fashions,30000.0,4.184,2,15.0,68.0,1000.0,78.0,522
5abf36d540626a753e8fc18a,HuaBaoxuanhandicraftshop,huabaoxuanhandicraftshop,10000.0,4.288,2,5.0,5.0,1000.0,0.0,645
590f2995f3d19c2cba264414,Amoy fashion,amoyfashion,10000.0,4.325,2,5.0,5.0,1000.0,0.0,506
5901f6c2a8e3eb2aca4b5559,chaojishanghu,chaojishanghu,24000.0,4.331,2,12.0,22.0,1000.0,46.0,502
59aebfa350df6107c1eff8c8,naturalcolor,naturalcolor,14000.0,4.382,2,7.0,30.0,1000.0,77.0,573
5b4028d56385741bff3b9163,happy feng,happyfeng,11740.0,4.391,2,5.87,11.0,1000.0,47.0,722
5de0981739adf2a3406bed18,liuyaling66058,liuyaling66058,13325.0,3.729,4,10.25,9.0,325.0,13.0,880
54db03867851097093c0efe7,fuzhoushicangshanqutiantuwenhuachuanboyouxiangongsi,福州市仓山区天途文化传播有限公司,11050.0,3.852,4,8.5,7.5,325.0,13.0,76
5aab3c8ea6bf7a704caec65c,DERNMUUR,Unknown,9581.0,3.953,4,7.37,6.5,325.0,14.0,637
593fcbd5ff3e807d6a8485ff,shiyipanpan,shiyipanpan,9100.0,4.024,4,7.0,6.25,325.0,7.0,527
55dc300452a04b658ad68139,Denas Fashion,denasfashion,10247.999999999998,3.895,3,8.54,24.0,400.0,49.0,122
58db84154f0c6b53626b73ac,sunnygee,sunnygee,11112.0,3.917,3,9.26,34.0,400.0,53.0,483
5836e38728f25753fe6af6a8,rtgh,rtgh710402e4b24511e6b69106d0c1a90220,15204.0,4.033,3,12.67,11.0,400.0,15.0,361
58a6f92596f1bb57c40b0d56,wushein,wushein,13464.0,4.048,3,11.22,11.0,400.0,2.0,436
5700e7eac1bed1088d6cd40a,loft415,loft415,9600.0,4.106,3,8.0,9.33,400.0,16.0,215
5b0b907d59206904541886cf,huangyulanl,huangyulanl,19200.0,4.218,3,16.0,14.0,400.0,14.0,698
5864767762a1e84ca30df7c9,yourvogue,yourvogue,15600.0,4.235,3,13.0,93.33,400.0,87.0,409
58b7d6dd3c18975a18817d64,Shades Darker,shadesdarker,11604.0,4.277,3,9.67,8.67,400.0,12.0,447
594ba69f2eac11550ec111a1,The leisure pavilion,theleisurepavilion,10672.0,4.039,3,9.28,13.33,383.0,35.0,532
575cfe470551415caa5505b5,terbuer,terbuer,7670.5,4.11,3,6.67,26.33,383.0,76.0,241
5aca1225e053885132dc837a,love ~xi,lovexi,12650.0,3.736,2,11.5,10.5,550.0,9.0,650
5d462e58f320403871a78593,chooop,chooop,8250.0,3.838,2,7.5,6.5,550.0,15.0,807
58aec90823ef726994a323fe,liminny,liminny,7106.0,3.867,2,6.46,5.5,550.0,17.0,443
57b58a411f608c02bd6976a4,yunquan,云泉,10450.0,3.871,2,9.5,8.5,550.0,12.0,286
5e548120207f9d0685eec2ea,logrenvu,logrenvu,1947.0,3.992,2,1.77,5.5,550.0,46.0,910
5d5f4780bd01a83fca39e0db,LLpp,llpp,1980.0,4.007,2,1.8,25.5,550.0,94.0,854
5684eae9daaaee26a0fdadba,Unnistore,unnistore,8800.0,4.025,2,8.0,29.5,550.0,67.0,175
5d40ffe372b0c94d00f6c1f0,nmgyusj,nmgyusj,5885.0,4.039,2,5.35,5.0,550.0,4.0,793
5a9e3a01ccf0c80c2d372870,wisetqw,wisetqw,5863.0,4.054,2,5.33,5.0,550.0,6.0,631
556425de56aea60ea1d17778,changzhouzeranshangmaoyouxiangongsi,常州泽然商贸有限公司,7700.0,4.094,2,7.0,28.5,550.0,40.0,97
5808e2beff6c57435af7df2d,hcczhiqiang,hcczhiqiang,4873.0,4.189,2,4.43,4.5,550.0,2.0,311
583658e928f25754106ae102,asyouwill,asyouwill,15400.0,4.234,2,14.0,95.5,550.0,86.0,360
556d68d19fb8ca1a0c4d82ee,specialforyou_68,specialforyou_68,12650.0,4.253,2,11.5,87.5,550.0,88.0,99
5b29ff427752c84390ed6ecf,reyoun,reyoun,8925.0,4.003,2,8.5,59.0,525.0,85.0,717
584426309b0f754de95d6b50,yehuihui,yehuihui,5000.0,3.583,1,5.0,22.0,1000.0,78.0,375
51aff6a38e221e2cafcdc0cb,Clothingloves,clothingloves,9000.0,3.59,1,9.0,9.0,1000.0,0.0,2
5d3d857c0ff7f937558c4dd1,ZhuanTa1e,zhuanta1e,3870.0,3.626,1,3.87,4.0,1000.0,4.0,790
5d45349676befe65691dcfbb,So Band,soband,12000.0,3.681,1,12.0,11.0,1000.0,9.0,805
5d57d3a9cf65030dc331b0b2,XMZMALL,xmzmall,11000.0,3.683,1,11.0,75.0,1000.0,86.0,845
5d44f6c68388973d77042d83,quan yy25,quanyy25,11000.0,3.703,1,11.0,83.0,1000.0,87.0,804
5695ee973fa51e32deafd9c9,Liifashion,liifashion,8000.0,3.741,1,8.0,18.0,1000.0,56.0,177
5b6ec2f2838d931d2fbf7a28,OIUG 56465,oiug56465,9000.0,3.749,1,9.0,48.0,1000.0,82.0,740
553c93bcd57a0156022b1598,Vincent Fan,北京奥悦士科技有限公司,19000.0,3.761,1,19.0,17.0,1000.0,11.0,88
5ba0fe4673d934503a6cb6ad,bumanke003,bumanke003,11000.0,3.766,1,11.0,11.0,1000.0,0.0,759
5dcb9bb2997e90092d624499,Huaisrysn bedclothes,huaisrysnbedclothes,8000.0,3.766,1,8.0,7.0,1000.0,14.0,873
5b17df3f012875082bc82048,SpeedClothes,speedclothes,11000.0,3.768,1,11.0,22.0,1000.0,50.0,709
559f4066577ce11970f7f7fa,hangzhoukulunfushiyouxiangongsi,杭州酷仑服饰有限公司,4860.0,3.79,1,4.86,8.0,1000.0,40.0,110
5d4e91681d9a8e1fcc2fefba,ABCDYYY,abcdyyy,6000.0,3.794,1,6.0,30.0,1000.0,80.0,829
5d46751876befe56001de246,Alliswell118,alliswell118,7000.0,3.811,1,7.0,6.0,1000.0,16.0,811
57d67d2bb1adb8102d39f90f,DaDaDa Bao,dadadabao,11000.0,3.817,1,11.0,11.0,1000.0,0.0,291
56a6d6f9cc46da0df30dd801,youlika,youlika,12000.0,3.82,1,12.0,11.0,1000.0,9.0,181
5b8a0074f2858d1c8a032c5a,csfsegdd,csfsegdd,8000.0,3.829,1,8.0,7.0,1000.0,14.0,747
57b1288be4830507cc9f586a,DEMANGO FASHION SPORTS,demangofashionsports,11000.0,3.842,1,11.0,10.0,1000.0,10.0,284
5a2bc05fddda8c49398c52fe,lianglinglingdian,lianglinglingdian,6000.0,3.845,1,6.0,6.0,1000.0,0.0,611
57878a7316b28907b9b50131,shenzhenxiaoshangpu,深圳小商铺,6000.0,3.855,1,6.0,22.0,1000.0,73.0,262
5440df5815133758cf40f1e3,Snow White,qslangweigarmentstradingcoltd,12000.0,3.855,1,12.0,85.0,1000.0,86.0,43
582b156ff6872e749e4d1ad4,stev5344,stev5344,9000.0,3.857,1,9.0,8.0,1000.0,12.0,340
5684ca0f73c0e02989b91cad,Flora boutique,floraboutique,1000.0,3.858,1,1.0,11.0,1000.0,91.0,173
59a54d5eae228e4f11e9c5e0,miniWGS,miniwgs,12000.0,3.861,1,12.0,11.0,1000.0,9.0,569
579f12b73087c40f57abcd3d,yanglingling,yanglingling,12000.0,3.864,1,12.0,11.0,1000.0,9.0,274
57a09a5649c29a34cf282715,markit,markit,8000.0,3.876,1,8.0,42.0,1000.0,81.0,275
55c89dc93a698c6010edccc4,Nalin International,nalininternational,6000.0,3.877,1,6.0,56.0,1000.0,90.0,114
589e67aa3205e17175ced38e,Xindi Store,xindistore,11000.0,3.878,1,11.0,159.0,1000.0,94.0,429
5d3be81670327a1a4ffce08e,Grocery Story,grocerystory,3900.0,3.883,1,3.9,5.0,1000.0,22.0,785
56d572b08ec6660796b65705,chillerty,chillerty,8000.0,3.885,1,8.0,9.0,1000.0,12.0,195
56efff5017777d430c47b78e,HEH Shop,hehshop,12000.0,3.892,1,12.0,11.0,1000.0,9.0,210
57a1ac972b6fb2282425b585,congxiaolong,congxiaolong,8000.0,3.893,1,8.0,7.0,1000.0,14.0,277
56ebb573e652e91f9ca6a674,Wuanna,wuanna,15000.0,3.894,1,15.0,13.0,1000.0,15.0,208
586e70187e94384d6fc17f14,Memento,memento,9000.0,3.894,1,9.0,9.0,1000.0,0.0,412
5a20c64d8cf0ed4d57d60471,yiludamai,yiludamai,11000.0,3.895,1,11.0,10.0,1000.0,10.0,610
59f5481068788b25d0a84068,zhoupingastore,zhoupingastore,11000.0,3.896,1,11.0,10.0,1000.0,10.0,596
5dde67d7801ecf6d4c385348,Chentuyi Store,chentuyistore,11000.0,3.896,1,11.0,10.0,1000.0,10.0,879
58d4832721ad9176d0d3d00f,Man's ocean,mansocean,16000.0,3.897,1,16.0,59.0,1000.0,73.0,475
565c1b173a698c769e2be15d,Masa co.ltd.,masacoltd,8000.0,3.9,1,8.0,25.0,1000.0,68.0,156
5b21e84a43b3b67a3089b10d,Angle.Susan,anglesusan,8000.0,3.901,1,8.0,17.0,1000.0,53.0,711
564b2fb5c126a0127af8441e,shenzhenshihuayanmaoyiyouxiangongsi,深圳市华衍贸易有限公司,5000.0,3.905,1,5.0,5.0,1000.0,0.0,148
58d765d6da2852536d7a3fa9,Matt Olivo,mattolivo,9000.0,3.907,1,9.0,8.0,1000.0,12.0,477
57d64f7bcafd22102c3a5fc2,MC lin store,mclinstore,2000.0,3.91,1,2.0,56.0,1000.0,97.0,290
575a9d8d6813ab5ceeb09521,May One,mayone,8000.0,3.912,1,8.0,72.0,1000.0,89.0,239
5d43cda683889748193da7c0,lin626079,lin626079,7000.0,3.931,1,7.0,6.0,1000.0,16.0,802
5d5a1171560eca427bf10acb,SMOEYAKIO,smoeyakio,11000.0,3.932,1,11.0,10.0,1000.0,10.0,848
5b99f68520019041167b0b74,Yuanda Technology,yuandatechnology,6000.0,3.936,1,6.0,6.0,1000.0,0.0,756
5489a2fe546ead1ec9215829,Daily Market World,rainytradingcoltd,8000.0,3.939,1,8.0,34.0,1000.0,77.0,66
56cd7070df108f481ff3e00e,neellery,neellery9cd3a918dad411e5bd3a0274b988e369,9000.0,3.94,1,9.0,9.0,1000.0,0.0,194
5de7a6aa4c9c821f67c14ac3,Horesen bestwell comenbin,horesenbestwellcomenbin,13000.0,3.942,1,13.0,19.0,1000.0,32.0,883
5d5b651b283abc16408fff54,wowomart,wowomart,1680.0,3.942,1,1.68,2.0,1000.0,16.0,851
58fcdd56cdb8e24565cc017e,Colorful Romance,colorfulromance,15000.0,3.949,1,15.0,25.0,1000.0,40.0,495
55f982b029624842ab599cc3,see you,seeyou,6000.0,3.95,1,6.0,7.0,1000.0,15.0,132
56961502ca1588618ca6d5fe,Legeit,legeit,8000.0,3.951,1,8.0,252.0,1000.0,97.0,178
5e8544bfd69a0ea72d39bc31,xiujiestore,xiujiestore,2690.0,3.959,1,2.69,3.0,1000.0,11.0,939
583998c51591454a04a79709,mumofson,mumofson,14000.0,3.96,1,14.0,12.0,1000.0,16.0,364
5b125148c2586910aba903d6,zhongwenlili,lili1,7000.0,3.965,1,7.0,6.0,1000.0,16.0,702
5a031e9c9aee09542077d074,llegaiyy,llegaiyy,7000.0,3.967,1,7.0,50.0,1000.0,86.0,600
5857e83a1e95514d46b046dd,This is a pair of eyes that you find,thisisapairofeyesthatyoufind,6000.0,3.97,1,6.0,23.0,1000.0,74.0,396
59b0dcac50df61071d239b12,yongxiastore,yongxiastore,8000.0,3.973,1,8.0,7.0,1000.0,14.0,575
5b8d343e133368366f2dff48,songsongzhao,songsongzhao,13000.0,3.979,1,13.0,11.0,1000.0,18.0,750
57ee6909567a8d101913df98,Oneshopp,oneshopp,12000.0,3.979,1,12.0,11.0,1000.0,9.0,299
58d3828699637874f89eb45a,hoastlnen,hoastlnen,11000.0,3.982,1,11.0,21.0,1000.0,48.0,473
5819d0d196f2cc7dffad41ec,liveupp,liveupp,3810.0,3.983,1,3.81,4.0,1000.0,5.0,328
5b6935c0a1fdaa1dba5a4cd4,liudandan28652,liudandan28652,8000.0,3.984,1,8.0,17.0,1000.0,53.0,737
5b164e4c7e43f2326c3e3931,fghetu,fghetu,7000.0,3.985,1,7.0,43.0,1000.0,84.0,708
5b4d6eb88a5b7b24519e69ad,kongcanyhq3078,kongcanyhq3078,8000.0,3.989,1,8.0,49.0,1000.0,84.0,729
545dab9f5f313f1e28cb1a2f,wonderful1688,wonderful1688,5860.0,3.993,1,5.86,5.0,1000.0,17.0,50
5700e2be27992f63cdca2dca,HillnTrees,hillntrees,5000.0,3.995,1,5.0,8.0,1000.0,38.0,214
547465748edcfa6ceab14f70,wofu_network_technology,huaracheairfactory,11000.0,4.004,1,11.0,10.0,1000.0,10.0,56
59a6cc4b21064f78b1bef62f,biaoqing,biaoqing,8000.0,4.006,1,8.0,8.0,1000.0,0.0,570
5466fad41280fa5ca27ba85d,Siebel Angel Baby Paradise,hzlwgarmenttradingcoltd,14000.0,4.007,1,14.0,12.0,1000.0,16.0,54
56effd3864d54a58a619bdb1,wuguipanwei2016,wuguipanwei2016,12000.0,4.008,1,12.0,31.0,1000.0,62.0,209
5466e6343dabbe66ab062be8,Women Clothes Factory,hangzhoulangweigarmentfactory,14000.0,4.014,1,14.0,51.0,1000.0,73.0,52
5514d13ce87fd21cf12f9d0b,JingDu international trading,jingduinternationaltrading,8000.0,4.014,1,8.0,7.0,1000.0,14.0,81
55419b79439bb51755098f63,Flirey co.ltd.,flireycoltd,11000.0,4.015,1,11.0,11.0,1000.0,0.0,89
584ae0173961b64ca9b426b1,chenkaili,chenkaili,6000.0,4.017,1,6.0,22.0,1000.0,73.0,384
580f361ff6978b4fdba4b112,mynewsoul,mynewsoul,2800.0,4.019,1,2.8,3.0,1000.0,7.0,315
5b8e19ad9058ed22fdc30621,liushiqiangw222288888888,liushiqiangw222288888888,5670.0,4.028,1,5.67,6.0,1000.0,6.0,752
5af54e838699ce1143d1f876,xiaoyueliang1,xiaoyueliang1,6000.0,4.031,1,6.0,140.0,1000.0,96.0,690
5d42991670327a71301ec76e,shufangyunyingdian,shufangyunyingdian,2000.0,4.036,1,2.0,2.0,1000.0,0.0,800
53e98c6446188e1d4d3a38bd,wisefield,wisefield,1800.0,4.041,1,1.8,2.0,1000.0,10.0,27
58501ab6ff3da74c89f8927f,lizheng566,lizheng566,5000.0,4.044,1,5.0,5.0,1000.0,0.0,388
58c2318d3f49634886892d7c,jfdgdfhfyujtyre,jfdgdfhfyujtyre,5000.0,4.045,1,5.0,5.0,1000.0,0.0,457
597eda458696be7dab480a44,feelyourrelax,feelyourrelax,12000.0,4.047,1,12.0,11.0,1000.0,9.0,557
5dc69ae4c4e6e61846dfc2b4,shanliangtrade,shanliangtrade,5650.0,4.055,1,5.65,5.0,1000.0,13.0,871
5ad16178db5f1f07107a5401,sdawmgeyy,sdawmgeyy,8000.0,4.057,1,8.0,7.0,1000.0,14.0,661
557ac6650a43e41ba218240a,Lang Wei,langwei,4680.0,4.058,1,4.68,25.0,1000.0,82.0,104
58748c070e230b22a1ab5bc2,taotaobeibei,taotaobeibei,7000.0,4.061,1,7.0,6.0,1000.0,16.0,415
5ad1f14d40626a47903fe9df,Ahadadada,ahadadada,11000.0,4.064,1,11.0,10.0,1000.0,10.0,662
583edf165022c71b82d1d6c7,william pollard,williampollard,13000.0,4.064,1,13.0,13.0,1000.0,0.0,373
59b38b9d0ec30f3dcde27914,xiangbuxiangdoude,xiangbuxiangdoude,8000.0,4.065,1,8.0,7.0,1000.0,14.0,577
54d30f53dc8ce133f79b434d,New Fashion Shopping Park,newfashionshoppingpark,5650.0,4.066,1,5.65,6.0,1000.0,6.0,74
58285d7f168b5430c5090ab8,shirely_store,shirely_store,5820.0,4.072,1,5.82,58.0,1000.0,90.0,337
5948c9761f2f0f2efb675fa4,wangxiaoxiadexiaoxingyun,wangxiaoxiadexiaoxingyun,8000.0,4.072,1,8.0,7.0,1000.0,14.0,531
5eb8cf5429e78638f27379f5,Lianhanming369,lianhanming369,5690.0,4.075,1,5.69,10.0,1000.0,44.0,952
544e3da38edcfa4c456f6181,new top,newtop,11000.0,4.078,1,11.0,10.0,1000.0,10.0,48
56c30460d7e2821146329f82,Zaamami,zaamami,3710.0,4.079,1,3.71,6.0,1000.0,39.0,185
5858d328e18c0f7603a08e1f,blueberries,blueberries,3000.0,4.08,1,3.0,5.0,1000.0,40.0,397
585a45a3ef562825c60e0c71,shishangfang,shishangfang,8000.0,4.08,1,8.0,30.0,1000.0,74.0,399
57108cd6a995b507211ef8fb,Knights,knights,13000.0,4.086,1,13.0,50.0,1000.0,74.0,226
5aec1dd2c96bb815b802df67,zhouling1234,zhouling1234,8000.0,4.09,1,8.0,8.0,1000.0,0.0,687
57f7b4a3bc506d1e56530cdd,WX Shop,wxshop,6000.0,4.092,1,6.0,9.0,1000.0,34.0,300
55d480c092e9ba1242bd816a,cindy,王焕焕,5000.0,4.095,1,5.0,5.0,1000.0,0.0,120
55e51e53c9f8235d17759948,liuxiaojun,liuxiaojun,22000.0,4.098,1,22.0,159.0,1000.0,87.0,125
5b6bb6d7790f1a0d8a416c03,Angle Xia,anglexia,13000.0,4.101,1,13.0,43.0,1000.0,70.0,738
5938e6a17fe241506f93503b,fuzhe622,fuzhe622,3760.0,4.11,1,3.76,4.0,1000.0,6.0,523
596636724b913a6954556581,lihui258,lihui258,8000.0,4.115,1,8.0,7.0,1000.0,14.0,550
58aea6fe15241651ee65307b,Bridgeliushui,bridgeliushui,2000.0,4.12,1,2.0,6.0,1000.0,67.0,442
5d3c419de4b65d4fb81e7286,easymarket,easymarket,1910.0,4.124,1,1.91,6.0,1000.0,69.0,786
5cd6743c8da3ad22253d937f,FlyE,linyiyoyoelectroniccommercecoltd,8000.0,4.126,1,8.0,7.0,1000.0,14.0,781
589eb1c33205e17175cee2ee,yykeaid,yykeaid,3870.0,4.127,1,3.87,4.0,1000.0,4.0,430
5864730562a1e84ca10df658,Longfengjixiang168,longfengjixiang168,11000.0,4.132,1,11.0,10.0,1000.0,10.0,408
5b08f027c2586968afffb44f,Smallspring.X,smallspringx,11000.0,4.136,1,11.0,17.0,1000.0,36.0,695
56cc2ea09879a4136344cf49,stayflyskate,stayflyskate,8000.0,4.137,1,8.0,7.0,1000.0,14.0,191
590eda48f3d19c203c2648e4,zhengruirong,zhengruirong,11000.0,4.141,1,11.0,84.0,1000.0,87.0,505
5a3ccf7f028bbd773f938596,potatomarket,potatomarket,8000.0,4.142,1,8.0,51.0,1000.0,85.0,614
5a0d2c3e68788b4400878642,Konheart,konheart,9000.0,4.143,1,9.0,57.0,1000.0,85.0,601
5b420ce3d9b2a4418b74ae31,Jun U Near Store,jununearstore,18000.0,4.146,1,18.0,16.0,1000.0,12.0,724
5b7ecbfa7956ef54b750df16,yuhang081899,yuhang081899,22000.0,4.147,1,22.0,169.0,1000.0,87.0,745
5e6910549145adc9f7972fac,wf06,wf06,13000.0,4.149,1,13.0,33.0,1000.0,61.0,927
5a54add17dee4a20b31ef567,ufeelme,ufeelme,11000.0,4.149,1,11.0,76.0,1000.0,86.0,619
5853765779b45e0b58ad30f4,XMB mobile experience store,xmbmobileexperiencestore,7000.0,4.153,1,7.0,9.0,1000.0,23.0,392
586fbd8b8c30e82bdcce557d,Fashion taste of life,fashiontasteoflife,6000.0,4.155,1,6.0,6.0,1000.0,0.0,413
5acecb61417cee2b9d27f88a,Apengzuishuai,apengzuishuai,5000.0,4.158,1,5.0,5.0,1000.0,0.0,657
53df1a1046188e7ac043c6da,zongxindianziyouxian gongsi,zongxindianziyouxiangongsi,19000.0,4.16,1,19.0,26.0,1000.0,27.0,23
582bd2fde18c0f0a402ba101,Fannystore2016,fannystore2016,15000.0,4.16,1,15.0,101.0,1000.0,86.0,341
5accadccc98949438a3729a2,fjrwzy,fjrwzy98ed40443cba11e8bd5f021e0c8040cc,12000.0,4.161,1,12.0,17.0,1000.0,30.0,653
58cbc85cad83385080a3cf94,lingersun,lingersun,11000.0,4.165,1,11.0,10.0,1000.0,10.0,463
595df09dd44a9b53910f4e2b,kolesw,kolesw,9000.0,4.166,1,9.0,31.0,1000.0,71.0,544
58cf7224712870506c44edd9,shopmeleeinc,shopmeleeinc,6000.0,4.171,1,6.0,8.0,1000.0,25.0,464
5a4df4937ce75c31079ba413,SweetKissfashion,sweetkissfashion,14000.0,4.174,1,14.0,102.0,1000.0,87.0,618
576b9101ac55bd7f2108992b,spearnaily,spearnaily,2720.0,4.179,1,2.72,17.0,1000.0,85.0,245
54a2cd4940b3782666e8a5bf,THE wolf come,thewolfcome,17000.0,4.181,1,17.0,75.0,1000.0,78.0,70
58539804afa5ec4cae2cdce8,Good Fortune Land,goodfortuneland,8000.0,4.181,1,8.0,7.0,1000.0,14.0,393
59bcfadb776ab96ae984be82,Comfy_life,comfy_life,8000.0,4.191,1,8.0,22.0,1000.0,64.0,580
5787268541b5257c73d0132f,WPZ SHOP,wpzshop,8000.0,4.193,1,8.0,9.0,1000.0,12.0,260
5b0a6169012875789c76ebba,dajuu zha,dajuuzha,6000.0,4.198,1,6.0,6.0,1000.0,0.0,696
590d6c356815062709f1b06c,junzhangxiezi,junzhangxiezi,7000.0,4.204,1,7.0,6.0,1000.0,16.0,504
5950d54a4b913a1174a7ae6d,"Ruihong Home&Garden Co.,ltd",ruihonghomegardencoltd,8000.0,4.209,1,8.0,30.0,1000.0,74.0,535
5d4cf83dc8bc520142c8534f,linglingstore666,linglingstore666,5750.0,4.21,1,5.75,25.0,1000.0,77.0,825
5ba9af0fef66004cac1013f7,NiZuiMei,freefly11,12000.0,4.212,1,12.0,102.0,1000.0,89.0,762
58cf8bc8375c92523736b540,Youth Forever,youthforever,11000.0,4.213,1,11.0,24.0,1000.0,55.0,465
5a4b4ab27dee4a057cca7429,LeadTheFashion,zanzeaofficialstore,11000.0,4.215,1,11.0,68.0,1000.0,84.0,617
5810c45baf5d3c19670b3f9a,Xu Han watch store,xuhanwatchstore,8000.0,4.217,1,8.0,7.0,1000.0,14.0,321
5accdb3c1baafe6febd26cf3,zengyiceng520,zengyiceng520,5770.0,4.22,1,5.77,16.0,1000.0,64.0,654
570cfe55a18a3f4630d18c02,Superman Fashion Store,supermanfashionstore,14000.0,4.223,1,14.0,12.0,1000.0,16.0,222
58c14b3e98d70751f799bc3f,yz33,yz33,15000.0,4.229,1,15.0,13.0,1000.0,15.0,455
5a0fe8770a332a615df86c5e,coaluss,coaluss,9000.0,4.229,1,9.0,9.0,1000.0,0.0,602
595f3d28ce4e69232af53c32,Jutao Trading,jutaotrading,16000.0,4.238,1,16.0,26.0,1000.0,39.0,545
58ad365fb3bd6d507b06db0f,satisfy,satisfy,12000.0,4.241,1,12.0,93.0,1000.0,88.0,439
58475ecf5eee8869e4ad9a07,xuezhongfei,xuezhongfei,5710.0,4.243,1,5.71,13.0,1000.0,57.0,378
5af25671e139d756e4f0afbe,chunwanfusu,chunwanfusu,9000.0,4.246,1,9.0,84.0,1000.0,90.0,689
5aad329608a224392d805720,mekemoneyemm,successed,15000.0,4.254,1,15.0,13.0,1000.0,15.0,639
5853b96be788110ac30168b9,fengzhiqiang,fengzhiqiang,16000.0,4.254,1,16.0,14.0,1000.0,14.0,394
566a3ef17233ff2686443082,shanghaimingqidianqikejiyouxiangongsi,上海铭启电气科技有限公司,8000.0,4.257,1,8.0,7.0,1000.0,14.0,165
5ae0213bb722cf61f1aa3624,niuniuche,niuniuche,8000.0,4.26,1,8.0,11.0,1000.0,28.0,672
582ff94e0d44631042fe7c41,haoyouduooo,haoyouduooo,8000.0,4.261,1,8.0,7.0,1000.0,14.0,346
5bbf00e6c5fdec1c0e0d401d,liuliujiaroupian,xiaoyanllrp,5860.0,4.264,1,5.86,11.0,1000.0,47.0,763
55dc6b85f51bf838d3e3dcc2,topsea,topsea,14000.0,4.265,1,14.0,86.0,1000.0,84.0,124
5a40bd3812fa1c2c21498ea7,AGone,agone,5730.0,4.279,1,5.73,5.0,1000.0,14.0,616
58d9f311fe9cae52ce0213ec,xff,xff,11000.0,4.279,1,11.0,14.0,1000.0,22.0,479
58a3f270e269ee522580e6bb,Arashi,arashi,14000.0,4.296,1,14.0,12.0,1000.0,16.0,432
587dcb1b6fa68c4caba87529,Hesperis,hesperis,9000.0,4.298,1,9.0,8.0,1000.0,12.0,421
5d3bc9f8e13a7e654424a4cb,shitongyi12683626,shitongyi12683626,8000.0,4.306,1,8.0,11.0,1000.0,28.0,784
59c25e6a30e1f368ea189232,ruxinggu,ruxinggu,24000.0,4.308,1,24.0,59.0,1000.0,60.0,582
57383b023a698c3a936ce406,heqiongdian,heqiongdianabe4691a1a7b11e6be88063a14dc88b5,7000.0,4.316,1,7.0,49.0,1000.0,86.0,233
5873347af1f65d4d61b69b1a,liangdongjie,liangdongjie,3840.0,4.319,1,3.84,4.0,1000.0,4.0,414
58778fdcdfa6bc28858f3422,Cornflower,cornflower,7000.0,4.324,1,7.0,6.0,1000.0,16.0,416
5b8deaae2eb51f6d30ff9a3d,bagbagbagshop,caeagle,7000.0,4.332,1,7.0,6.0,1000.0,16.0,751
5b66b2f303523d3caa84aed5,heilnielmiw,heilnielmiw,11000.0,4.334,1,11.0,85.0,1000.0,88.0,736
57a155a4b63950286426744f,lan ban wang,lanbanwang,8000.0,4.337,1,8.0,48.0,1000.0,84.0,276
54922e98223ebf6980220266,Trendyshow,广州芊妮贸易有限公司,12000.0,4.337,1,12.0,72.0,1000.0,84.0,67
586c683cc87b4c4f84b6b4de,KAIXINDEDIAN,kaixindedian,6000.0,4.349,1,6.0,6.0,1000.0,0.0,410
5528e6afecb5250bffe81ef7,xuzhen,xuzhen,3720.0,4.35,1,3.72,11.0,1000.0,67.0,85
583bdad32f5e5304a69d5bd3,shenghuhouse,shenghuhouse,6000.0,4.352,1,6.0,6.0,1000.0,0.0,365
5b41be818e210d22facca0bd,aiqianxiege,aiqianxiege,5000.0,4.357,1,5.0,5.0,1000.0,0.0,723
5885a7e767f7c84d7657d220,Durax,durax,9000.0,4.38,1,9.0,38.0,1000.0,77.0,426
585cc05eaf0e9d52046c895d,huanfeng,huanfeng,11000.0,4.38,1,11.0,10.0,1000.0,10.0,402
555bf637b0213719da7229df,D.M Tianjin Network Technology Co.Ltd01,dmtianjinnetworktechnologycoltd01,8000.0,4.383,1,8.0,38.0,1000.0,79.0,95
5bdc1408c23b3222e81f3936,Harunouta Nail,harunoutanail,1660.0,4.393,1,1.66,2.0,1000.0,17.0,767
5b80fee2008a3e2f6ec81563,SHHUIZFIA9586,xiaoya888,6000.0,4.417,1,6.0,22.0,1000.0,73.0,746
551506dc18b2791039a7286d,Beautiful plant,mengyongqi,13000.0,4.42,1,13.0,72.0,1000.0,82.0,82
592968ba63950d682ca4b195,zzbllss,zzbllss,5000.0,4.423,1,5.0,5.0,1000.0,0.0,519
56cd50871e15ff78c21de8a9,citizenrepublk,citizenrepublk,1905.0,3.956,5,3.81,3.6,100.0,3.0,193
583da4b58108913e6c79a32e,sklioppp,sklioppp,3070.0,4.069,6,6.14,7.33,83.0,22.0,369
5e4bb29957cc9b46d2e498f7,uiritnkdr,uiritnkdr,3000.0,3.802,4,7.5,10.0,100.0,30.0,897
5b47ffa01e5bc91f3eea4f1f,linpingstore,linpingstore,2800.0,3.975,4,7.0,6.5,100.0,4.0,727
5aea8f2ccac3c5238de1a99c,libo peng,libopeng,3600.0,4.144,4,9.0,31.5,100.0,64.0,686
5eb51ed929e7865dc268a561,zhuangyuping1,zhuangyuping1,2520.0,3.874,5,7.2,8.4,70.0,12.0,949
5dc40e313710b91b0f04fcc5,MAzhiyong.0602WG,mazhiyong0602wg,1800.0,3.625,3,6.0,6.0,100.0,0.0,869
5d3da852e4b65d3e801e9b5d,SOPHIE PRETTY,sophiepretty,3300.0,3.732,3,11.0,10.0,100.0,10.0,791
5a698cef028bbd27227d3d12,Oklfao,oklfao,900.0,3.884,3,3.0,3.0,100.0,0.0,624
584a7a381591451e4e3af3df,bujizhan,bujizhan,2901.0,3.988,3,9.67,25.33,100.0,62.0,382
580c7d0a8b67fa197454a2d1,Fashion Happy World,fashionhappyworld,1800.0,4.041,3,6.0,6.0,100.0,0.0,312
596b4085d4cc34162e778769,juxinchengxiu,juxinchengxiu,4101.0,4.049,3,13.67,101.0,100.0,85.0,551
5d8b2f16ddac8e198fc7c8b7,lindieduxin,lindieduxin,2100.0,4.155,3,7.0,6.0,100.0,16.0,859
5df71a34092d7302140be245,simply spell,simplyspell,2772.0,4.156,3,9.24,8.33,100.0,11.0,886
5710ac98b2d43a5925da8dd8,zaitaowanggou,zaitaowanggou,999.0,4.168,3,3.33,8.33,100.0,57.0,227
5eb6598ec43e5c5ab9fd5a78,yangshaokuei6688,yangshaokuei6688,2400.0,3.791,4,8.0,8.5,75.0,3.0,950
5e4f6a3a29e786346774bcce,gaoying666300,gaoying666300,1350.0,4.036,4,4.5,4.5,75.0,0.0,899
5eb50ff17041111c43033565,liuxuelian123,liuxuelian123,2000.0,3.545,3,8.0,7.0,83.0,14.0,948
5e4a06cb57cc9b1700e826b3,lumeizi,lumeizi,1600.0,3.186,2,8.0,26.0,100.0,70.0,894
5e54a05c207f9d3e6cee7040,yuanshangmao,yuanshangmao,1400.0,3.188,2,7.0,26.0,100.0,74.0,911
5dd790db4cc6678b7441ba5d,hanziye1234,hanziye1234,2200.0,3.382,2,11.0,10.0,100.0,10.0,875
5e61e5580705ac039c94c08f,maxiaoxu,maxiaoxu,740.0,3.409,2,3.7,47.0,100.0,93.0,920
56498ab42a6bdb4474afa47b,RoseWiner,rosewiner,1800.0,3.535,2,9.0,34.0,100.0,74.0,147
5d4e6ca57edfad27a90a6726,xbxiaodian,xbxiaodian,1600.0,3.581,2,8.0,11.0,100.0,28.0,828
5d50fb2b1d9a8e23e3334c81,LI SHANSHAN78WGV,lishanshan78wgv,1600.0,3.659,2,8.0,26.0,100.0,70.0,832
5e9a629b29e786250230ba90,Josephineo,josephineo,2200.0,3.667,2,11.0,16.0,100.0,32.0,943
5b0cd8577e43f257d4a05469,hanfangjingcuijingpin,hanfangjingcuijingpin,2200.0,3.708,2,11.0,17.0,100.0,36.0,699
5e693079c6a6e679c0bf4613,KINNLTY,kinnlty,1600.0,3.766,2,8.0,59.0,100.0,87.0,928
5d56b32c40defd78043d5af9,modai,modai,2600.0,3.774,2,13.0,11.0,100.0,18.0,844
5eb5076129e786048168034d,bodeng,bodeng,1600.0,3.786,2,8.0,10.0,100.0,20.0,946
5a792e56a71fbf471cf1fc99,MSyongan,supersupermarket,1600.0,3.833,2,8.0,51.0,100.0,85.0,627
52838e612dcc6469fa2d7104,TopmanClothing,topmanclothing,1000.0,3.84,2,5.0,30.0,100.0,84.0,4
5e183869e344ec006fdaa805,sonvgfht,sonvgfht,3400.0,3.855,2,17.0,108.0,100.0,85.0,890
5ac82ff62c49567ffa616535,qiaoqiao1053,qiaoqiao1053,2200.0,3.855,2,11.0,84.0,100.0,87.0,649
58ff26fc42fc6a113afae083,tingshen,tingshen,2000.0,3.878,2,10.0,64.0,100.0,85.0,498
5d9f24a451a4ed72d95bac9c,DSVIE FASHION,dsviefashion,1600.0,3.883,2,8.0,65.0,100.0,88.0,862
5d3e6e0ce13a7e7ae9f35f74,FY251,fy251,1800.0,3.894,2,9.0,8.0,100.0,12.0,792
5b348167af6b3122dba38825,hufscfshkuhjdfs,hufscfshkuhjdfs,1154.0,3.916,2,5.77,5.0,100.0,15.0,718
577f79f928d95d5777eac030,dengqinghuaok,dengqinghuaok,1400.0,3.935,2,7.0,6.0,100.0,16.0,254
55dc2bf3b92a5941ebd4ecf2,Raverks,raverks,2100.0,3.948,2,10.5,46.5,100.0,78.0,121
55ed4e573a698c3a9daa8b2b,Styou,styou,1384.0,3.951,2,6.92,13.5,100.0,32.0,128
58a3db5e05b2f9716d029e30,Star Star in The Sky,starfactory,2200.0,3.968,2,11.0,10.0,100.0,10.0,431
5a9e4f25e05388149703d9c8,aishoumat,aishoumat,1800.0,3.971,2,9.0,8.0,100.0,13.0,632
56cd27b048e91e13aa3986e4,lanniesdesign,lanniesdesign,1200.0,3.984,2,6.0,8.0,100.0,25.0,192
56ab21890d8dad10e044b9ec,premiumfa,premiumfa,400.0,3.991,2,2.0,10.0,100.0,80.0,183
566e97ca39cce4269637a261,powshew,powshew,3000.0,4.03,2,15.0,13.0,100.0,15.0,167
58da49c92c3a8f52a755d4a0,lionmouse,lionmouse,400.0,4.035,2,2.0,2.0,100.0,0.0,481
5eba4bab58ed6ba265685ba1,liliangyu151800,liliangyu151800,1600.0,4.041,2,8.0,10.0,100.0,20.0,956
5e8ad4c829e7860d8e20b40c,salmophee,salmophee,2600.0,4.048,2,13.0,11.0,100.0,18.0,940
5e50e6b968f8f90ec04531bf,zoufei,zoufei,788.0,4.069,2,3.94,8.0,100.0,51.0,903
593402ae25c4f54ed4e0abdf,SCOMELY,scomely,2200.0,4.072,2,11.0,134.0,100.0,92.0,520
568b82677f5cdb26abff2f9a,Uncle Drew,uncledrew,800.0,4.078,2,4.0,4.0,100.0,0.0,176
583141fbfef4094e51453d9b,pookie0331,pookie0331,934.0,4.079,2,4.67,4.0,100.0,16.0,349
57187da6f24dd9593ccc886a,xiaohuagogogo,xiaohuagogogo,1000.0,4.09,2,5.0,48.0,100.0,90.0,228
5844fc74f521924c9b5148f3,huangchaoyishe,huangchaoyishe,542.0,4.115,2,2.71,3.0,100.0,10.0,376
5b722effbfb77d14812b8c2c,Honesty integrity,honestyintegrity,3200.0,4.148,2,16.0,14.0,100.0,14.0,742
5b0e27596b9302238a10c3f8,chentengying,chentengying,2200.0,4.175,2,11.0,20.0,100.0,45.0,700
5898240369b8584f668a188b,balabobo,balabobo,2500.0,4.185,2,12.5,92.5,100.0,86.0,427
59257409b674b15e8191b8de,enjoy the sunshine,enjoythesunshine,1400.0,4.216,2,7.0,6.0,100.0,16.0,515
5d5108577ad24261ddf720f0,Wedding jewelry store,weddingjewelrystore,400.0,4.221,2,2.0,2.0,100.0,0.0,833
59506bd1abea9119a059422d,wang168,wang168,1000.0,4.225,2,5.0,127.0,100.0,97.0,533
58dfa91e42ab0953f96d31d0,taizi,taizi,1900.0,4.231,2,9.5,8.5,100.0,12.0,487
57885a8c090d40723d2105e3,Asige-1122,asige1122,560.0,4.258,2,2.8,3.0,100.0,7.0,264
5ae2d62f2c49564f1df9bbd1,ppwiiixoza,ppwiiixoza,2200.0,4.277,2,11.0,10.0,100.0,10.0,676
56c2e30edf108f11548c6dcb,KinzieWoolShop,kinziewoolshop,600.0,4.291,2,3.0,3.0,100.0,0.0,184
550ab2be8e8def0b2c654d4b,ELIM fashion store,elimfashionstore,1600.0,4.318,2,8.0,7.0,100.0,14.0,78
5e5f6272d0e9af054214467e,chaoyang_lizhen,chaoyang_lizhen,962.0,4.333,2,4.81,5.0,100.0,4.0,916
5700b51a0848f73d19d10cbb,glambitiong,glambitiong,2200.0,4.361,2,11.0,47.0,100.0,77.0,213
58402f95e24c5b06c6dccd35,duhan,duhan,1600.0,4.368,2,8.0,7.0,100.0,14.0,374
583beacf24b24f1b805ff7a2,fangyin,fangyin,1600.0,4.39,2,8.0,7.0,100.0,14.0,366
582ff4f70299bc4f4b90d203,huanjun411,huanjun411,2600.0,4.429,2,13.0,15.0,100.0,14.0,345
58ff6866e17bc0302f540b50,FOMALHAUT Jewelry,fomalhautjewelry,1600.0,4.484,2,8.0,7.0,100.0,14.0,499
5e70afae21861a90a4e6b7f0,ASKY1,ahighqlty,2400.0,4.5,2,12.0,11.0,100.0,9.0,932
5e535f1b397cba44cf1118d8,Meifeng Bras,meifengbras,433.5,3.733,3,2.89,7.0,50.0,59.0,906
5dda40561fead208515f98e2,zhongling695847,zhongling695847,1200.0,3.737,3,8.0,7.0,50.0,14.0,876
5e3c5fbfe217d492138970c1,saulstore,saulstore,724.5,3.825,3,4.83,51.0,50.0,91.0,893
5a2fa9ce6ea4a770c66f5599,tiefanye,tiefanye,900.0,4.059,3,6.0,7.0,50.0,15.0,612
5d4bbed57ad242352a46d910,caishuiwang,caishuiwang,1050.0,4.353,3,7.0,6.0,50.0,16.0,824
5d454f4056a26067881bb903,yqlili666,yqlili666,574.5,3.892,2,3.83,3.5,75.0,8.0,806
56c94ae6df108f5af83b1e0f,schmuckdesignonline,schmuckdesignonline,289.5,3.943,2,1.93,8.5,75.0,78.0,190
5e72dc545021d6138b405bdc,Guifen underwear,guifenunderwear,1725.0,4.185,2,11.5,88.5,75.0,88.0,934
5d464a1ffdf7bc44ee933c65,hxt520,hxt520,720.0,3.99,3,6.0,48.33,40.0,88.0,809
56a9df1b3a698c526f769805,papastees,papastees,1030.0,4.252,2,10.0,12.5,52.0,25.0,182
5e8d923d20c9b7545017f1f9,zhihuigshop,zhihuigshop,1100.0,2.941,1,11.0,50.0,100.0,78.0,942
5e6cb9806bab2075b2b64d15,APLUSWORLD,aplusworld,1200.0,3.0,1,12.0,11.0,100.0,9.0,930
5e8c98966642021100f8db13,truth us trading,truthustrading,1200.0,3.034,1,12.0,75.0,100.0,84.0,941
5e537a4038654d5bb8db71b4,uiuieornt,uiuieornt,500.0,3.039,1,5.0,5.0,100.0,0.0,909
5e61cd4b97cc101bd3066216,lichengfangshop,lichengfangshop,2000.0,3.25,1,20.0,17.0,100.0,17.0,919
5e64b92e00ff3743cf8f3c3d,lidandanshop,lidandanshop,2000.0,3.299,1,20.0,17.0,100.0,17.0,922
5e9c44cdf5b57cfb27118f62,Zhenxuan,zhenxuan,366.0,3.338,1,3.66,26.0,100.0,86.0,944
5dc818ca030a154e48a3a8af,HERNADEZYELI,hernadezyeli,1600.0,3.367,1,16.0,14.0,100.0,14.0,872
5e675a4b48763f1940d6ab3b,huangdewen,huangdewen,1600.0,3.418,1,16.0,22.0,100.0,28.0,924
5dea1af2efc6ec06d5c16dd3,rensijing,rensijing,200.0,3.423,1,2.0,4.0,100.0,50.0,884
5e1691b573bfb90406044928,yanzhang198411,yanzhang198411,1300.0,3.474,1,13.0,11.0,100.0,18.0,889
5e0474f81b1677050990d11b,qiuyu66058,qiuyu66058,800.0,3.514,1,8.0,76.0,100.0,90.0,887
5c749805a0e25747655033ac,angelxianv,angelxianv,1100.0,3.545,1,11.0,10.0,100.0,10.0,775
5e536247397cba46c3111a39,zhiceyang,zhice,1100.0,3.557,1,11.0,10.0,100.0,10.0,907
5d50f80e3db43e24767edf52,nidekeaiduo,nidekeaiduo,200.0,3.611,1,2.0,25.0,100.0,92.0,831
5dbe8b3a0140ee444c50ec2b,better Interesting shop,betterinterestingshop,700.0,3.625,1,7.0,6.0,100.0,16.0,867
5e50fecf18034a89e1aeede8,lxm545,lxm545,600.0,3.646,1,6.0,26.0,100.0,77.0,904
5b0a66907752c8567c3cc671,Amineefashionstore,meno1,900.0,3.651,1,9.0,10.0,100.0,10.0,697
5eb4be68dda5360c58501b42,LYCWANG,lycwang,800.0,3.683,1,8.0,10.0,100.0,20.0,945
5c7dee45a0e257512a5dd7f0,lqyaim,lqyaim,1100.0,3.689,1,11.0,10.0,100.0,10.0,778
5448789898dc205017838a33,Lovemall,lovemall,1100.0,3.697,1,11.0,10.0,100.0,10.0,47
5d44cb7ea5f07b2d00607909,idooryou,idooryou,1400.0,3.708,1,14.0,84.0,100.0,84.0,803
5e6d18bceb2b33bdc975950f,Ashley Johnson,ashleyjohnson,900.0,3.714,1,9.0,56.0,100.0,84.0,931
5d463c87c77e983f28b4dfca,Lost red fruit,lostredfruit,579.0,3.721,1,5.79,9.0,100.0,36.0,808
5e3683005ba64b1957b798cc,sankutoy20,sankutoy20,1400.0,3.762,1,14.0,104.0,100.0,87.0,892
5b3b135e38e2640b28a557bb,hongyuli,hongyuli,800.0,3.773,1,8.0,7.0,100.0,14.0,720
5dc682d24b0ae7154300d493,White FFF Shop,fragrantshop,700.0,3.773,1,7.0,6.0,100.0,16.0,870
59510a44905fdb0b8266ddc5,lianhaiqin,lianhaiqin,600.0,3.774,1,6.0,11.0,100.0,46.0,537
5d41a75de13a7e2059f79277,zhangxiaoyunyun,zhangxiaoyunyun,1300.0,3.775,1,13.0,56.0,100.0,77.0,798
5eba4de229e78603182870c3,liuzongbin369,liuzongbin369,600.0,3.776,1,6.0,6.0,100.0,0.0,957
5d5cf8ff2736783681e22991,amzhangda85,amzhangda85,700.0,3.779,1,7.0,84.0,100.0,92.0,852
5d42980e8388970d32294ddc,chenxiangjunjun,chenxiangjunjun,1100.0,3.803,1,11.0,84.0,100.0,87.0,799
5dcf512a97383300d357ad69,yuan zheng shop,yuanzhengshop,800.0,3.815,1,8.0,7.0,100.0,14.0,874
5ddd1355801ecf0a803b6c3a,luguolong333666,luguolong333666,700.0,3.827,1,7.0,6.0,100.0,16.0,878
57ee5f0025e7c00ffe3f000c,Butgood,butgood,1600.0,3.829,1,16.0,18.0,100.0,12.0,298
5d51381f933fb16c06bb9d71,keidjur,keidjur,566.0,3.833,1,5.66,5.0,100.0,13.0,834
5d5abf5b33f0b44411c05032,wait amoment,waitamoment,800.0,3.838,1,8.0,7.0,100.0,14.0,850
5bdbb9048a83b5678f43462b,qysm6688,qysm6688,1500.0,3.851,1,15.0,28.0,100.0,47.0,766
550bed073fca100d87116858,xonyaly,xonyaly,369.0,3.856,1,3.69,53.0,100.0,94.0,79
5609de679b11090d3bafce69,Midd co. ltd.,middcoltd,700.0,3.857,1,7.0,81.0,100.0,92.0,134
58529ee7e788116a53cbe2a9,luvda,luvda,1300.0,3.864,1,13.0,26.0,100.0,50.0,391
55a641ddfa6d460ba65ce3b8,Lzara,lzara,800.0,3.871,1,8.0,59.0,100.0,87.0,111
583d7475269aad1da3dc2294,Aidos,aidos,800.0,3.877,1,8.0,22.0,100.0,64.0,368
583d245d0d44637eb04d1c8f,Horliday,horliday,500.0,3.89,1,5.0,75.0,100.0,94.0,367
583155a70d446310bcfe9f52,juybsabar,juybsabar,500.0,3.891,1,5.0,9.0,100.0,45.0,351
5eb8b5ebac21070efaf91c99,lianlie,lianlie,800.0,3.893,1,8.0,10.0,100.0,20.0,951
547bfcda3dabbe37af5818b1,jingjingongmao,精进工贸,600.0,3.897,1,6.0,6.0,100.0,0.0,58
5eb8e443cefdd67ac09f93ca,zhuangxiuhuang,zhuangxiuhuang,800.0,3.897,1,8.0,7.0,100.0,14.0,953
58a6f41a96f1bb57840b0ed4,pashesa,pashesa,1400.0,3.898,1,14.0,51.0,100.0,73.0,435
5d5e064b560eca4814b2bb74,TONGXIAO,tongxiao,572.0,3.899,1,5.72,9.0,100.0,37.0,853
5de7643c8db42003000ba7f1,Kelecha1,kelecha1,800.0,3.902,1,8.0,85.0,100.0,91.0,882
5d46ce1a8388976d8c042c39,mantianliuyin,mantianliuyin,1400.0,3.909,1,14.0,25.0,100.0,44.0,813
58d25a160490dc52e34022e7,resonal,resonal,900.0,3.91,1,9.0,84.0,100.0,90.0,472
56680c90e363a3613607ea61,xinsheng,新生,700.0,3.917,1,7.0,33.0,100.0,79.0,163
5e5dec4430477e47e6838d5d,cloudya,cloudya,500.0,3.918,1,5.0,5.0,100.0,0.0,915
55dc3dcd8950c811f73a48a4,Cuetaes,cuetaes,580.0,3.921,1,5.8,8.0,100.0,28.0,123
5b3ed8fa22856f198f7f0a88,lixingongyuan,lixingongyuan,1400.0,3.923,1,14.0,12.0,100.0,16.0,721
5aacd6c1ccf0c83e5a6f3de0,zhaodongmei,zhaodongmei,600.0,3.929,1,6.0,34.0,100.0,83.0,638
57b17fcc4249277b5ad99206,xinxinshishangzhuang,欣欣时尚装,600.0,3.931,1,6.0,6.0,100.0,0.0,285
546415e89719cd2ac2e20045,"Langwei Garment Co., LTD",qslangweigarmentfactory,600.0,3.931,1,6.0,20.0,100.0,70.0,51
5eb50b2237d7ba4abca6250a,chenzhiqiang11,chenzhiqiang11,800.0,3.932,1,8.0,7.0,100.0,14.0,947
58f8681a29867d1118cb0964,POLYVORE TRADE LIMITED,polyvoretradelimited,1200.0,3.934,1,12.0,11.0,100.0,9.0,494
58ef5b480d27561215655a9c,huyanggood,huyanggood,400.0,3.937,1,4.0,4.0,100.0,0.0,491
5d4a55b21d9a8e4a02843479,Yguo,yguo,381.0,3.945,1,3.81,25.0,100.0,85.0,820
5b8f992a2eb51f465ffd388d,geichun,geichun,900.0,3.945,1,9.0,8.0,100.0,12.0,754
5684e1234c2cc826ab5ca438,Asinastore,asinastore,1100.0,3.949,1,11.0,13.0,100.0,16.0,174
5541ba455252290c0b225b1f,Higheight,higheight,1300.0,3.95,1,13.0,25.0,100.0,48.0,90
5b767f37f54e4f1434671cc8,cgyhapy,cgyhapy,300.0,3.952,1,3.0,60.0,100.0,95.0,743
5498115d653d5121ae5409c9,yingzuo,英佐游臣专卖店,800.0,3.953,1,8.0,30.0,100.0,74.0,69
5a17bb048cf0ed37ca9e18bc,wulifange,wulifange,300.0,3.955,1,3.0,26.0,100.0,89.0,607
5b42da1bf64320209fc8da69,shixueying,shixueying,500.0,3.962,1,5.0,19.0,100.0,74.0,725
561df3a23a698c711e5e5efa,Double boutique,doubleboutique,800.0,3.965,1,8.0,7.0,100.0,14.0,137
5d54bec47ad242761d84984d,jiedandan567,jiedandan567,900.0,3.967,1,9.0,8.0,100.0,12.0,840
5e74810d7f5269411ad93989,qian3462898,qian3462898,167.0,3.968,1,1.67,2.0,100.0,17.0,936
5d46cdb476befe7f781dd1af,Wang Flag Fashion,wangflagfashion,900.0,3.975,1,9.0,8.0,100.0,12.0,812
59e5e353ef7b892409c6e6a7,yutongastore,yutongastoreb35802d0b32a11e78fe3029482618fb8,300.0,3.975,1,3.0,7.0,100.0,58.0,592
5927d9ead7f65462c5a1d409,highspring,highspring,1600.0,3.982,1,16.0,14.0,100.0,14.0,517
5d4e5b8415275446cdad4fbb,LFZNB,lfznb,265.0,3.988,1,2.65,3.0,100.0,12.0,827
5e535edc18034a4651aeecef,yangyanyao,yangyanyao,589.0,3.993,1,5.89,5.0,100.0,17.0,905
59e071d99fbc517c29711220,szyyouth0102,szyyouth0102,1600.0,3.997,1,16.0,33.0,100.0,52.0,591
5d4d24b3c8bc521b5568b537,margot missyou encounter,margotmissyouencounter,700.0,4.0,1,7.0,17.0,100.0,59.0,826
5abbab1d7c27687c3daaad6e,zhaangyuu,zhaangyuu,1200.0,4.001,1,12.0,11.0,100.0,9.0,644
54869cf344a28275e008fb00,guangzhouxinchangguomao,广州新昌国贸,1100.0,4.001,1,11.0,51.0,100.0,79.0,61
5947799a2eac1104f22e4486,chuxinmile,chuxinmile,573.0,4.003,1,5.73,5.0,100.0,14.0,530
5d3d417070327a201bfcd655,Zhihua Fashion,zhihuafashion,172.0,4.003,1,1.72,2.0,100.0,14.0,788
5b18eb98dfc31f2100f4c4cd,weilongs,weilongs,800.0,4.005,1,8.0,9.0,100.0,12.0,710
5acdbf7c9c15ff7191aadd30,yangrenyun,yangrenyun,1200.0,4.014,1,12.0,59.0,100.0,80.0,656
5dbb45d78aabea2d9e97b407,Tobeplayer,tobeplayer,1100.0,4.015,1,11.0,10.0,100.0,10.0,865
5d415665838897104cf4003d,AlicaDubecka,alicadubecka,1100.0,4.019,1,11.0,22.0,100.0,50.0,796
5e5c7c2c77179e31406eece1,baijupingshop,baijupingshop,1200.0,4.02,1,12.0,14.0,100.0,15.0,913
5aed66b2f0b75f35a1bd6615,yxz888,yxz888,900.0,4.023,1,9.0,8.0,100.0,12.0,688
5986cc750ec30f4610ea07be,long41,long41,1100.0,4.024,1,11.0,10.0,100.0,10.0,563
598da748b7717348ffeaf02c,cupminger,cupminger,1200.0,4.028,1,12.0,11.0,100.0,9.0,565
5dda41a275cf541cc0b6cf99,SHOPWNMON,shopwnmon,200.0,4.03,1,2.0,2.0,100.0,0.0,877
588224a5bb3a4a4d5169deb2,tanyaportillo,tanyaportillo,1100.0,4.035,1,11.0,84.0,100.0,87.0,425
5a13e07c5d6f342d64b51237,fenghuang1,fenghuang1,500.0,4.039,1,5.0,11.0,100.0,55.0,604
583188080d44631041fea370,micronite,micronite,800.0,4.04,1,8.0,11.0,100.0,28.0,352
5b4973b049c8e64e07c31cb4,huajitoup,huajitoup,900.0,4.041,1,9.0,49.0,100.0,82.0,728
59146c0c71a2f21160479ee5,ourdress,ourdress,1600.0,4.044,1,16.0,88.0,100.0,82.0,508
5dc3de943710b9143904fdd9,520daiwenqi.show,520daiwenqishow,800.0,4.045,1,8.0,7.0,100.0,14.0,868
54068c667a9eb466313c6ebf,Autumn2014,groceryinternational,600.0,4.051,1,6.0,7.0,100.0,15.0,32
5ba08911269570054ba2b669,laohaodai,laohaodai,1100.0,4.055,1,11.0,26.0,100.0,58.0,758
5c6d6c28619caa1d94891d06,lkwelyly,hey1827,300.0,4.056,1,3.0,3.0,100.0,0.0,773
5d43cb4c4c7855604ee59bbb,feijituan,feijituan,800.0,4.067,1,8.0,7.0,100.0,14.0,801
55311a071a8a220c1b804371,Unforgettable fashion store(factory price),unforgettablefashionstorefactoryprice,900.0,4.07,1,9.0,8.0,100.0,12.0,86
5ac1db0a1c256d3bd25188f4,Modernhatshop,modernhatshop,800.0,4.077,1,8.0,9.0,100.0,12.0,648
5b9cc34eb226113590090c59,QWE520,qwe520,1400.0,4.087,1,14.0,26.0,100.0,47.0,757
5b39de95d3db323a3a775883,huangxiaoyan2125,huangxiaoyan2125,172.0,4.097,1,1.72,56.0,100.0,97.0,719
5729fb5ce1220e593d1b86ac,JUST_BUY,just_buy,800.0,4.101,1,8.0,7.0,100.0,14.0,230
5d64f34f2736787d00ad93ec,ZEKAISTORE666,zekaistore666,189.0,4.106,1,1.89,2.0,100.0,6.0,855
5ae2d056b125ab5424320fc1,zhishukuaile,zhishukuaile,800.0,4.107,1,8.0,25.0,100.0,68.0,675
5d54026f41ed515c7a1eb40a,19 Miles,19miles,1200.0,4.111,1,12.0,43.0,100.0,73.0,839
59a173df9fbc51783bd1f406,skyblueshoping,skyblueshoping,583.0,4.118,1,5.83,64.0,100.0,91.0,567
57ebc98dfc63523912aa1424,Your Fashion 2016,yourfashion2016,500.0,4.123,1,5.0,5.0,100.0,0.0,296
55ed54947e8372421830b946,Smeer co. ltd.,smeercoltd,1100.0,4.123,1,11.0,10.0,100.0,10.0,129
5d7b761abd5aa37518970b8c,Finingsy sticker,finingsysticker,900.0,4.125,1,9.0,34.0,100.0,74.0,857
5d4784dd56a260398c1bc597,xiaotianxunxin,xiaotianxunxin,500.0,4.127,1,5.0,59.0,100.0,92.0,815
5512b0d98e8def07a462e1d7,Hello fashion store,hellofashionstore,700.0,4.128,1,7.0,6.0,100.0,16.0,80
595097d6a26f6e070cb878d1,zgrdejia,zgrdejia,1600.0,4.129,1,16.0,14.0,100.0,14.0,534
5772693e4e1511743e371036,wenbao,wenbao,900.0,4.13,1,9.0,17.0,100.0,48.0,250
58ad74688a58e150335088ce,apgbeweh,apgbeweh,800.0,4.131,1,8.0,7.0,100.0,14.0,441
59f868d0eea5c51c2167d097,liufengjiao,liufengjiao,700.0,4.136,1,7.0,6.0,100.0,16.0,597
58b569edfc743d5072bcd4d9,Newgate,newgate,1100.0,4.141,1,11.0,26.0,100.0,58.0,446
5b7e1d0f5b299812c53e81f5,yang min bao,yangminbao,700.0,4.151,1,7.0,34.0,100.0,80.0,744
57ac5da80e3c8a18b4746013,xvsivo7412,xvsivo7412,1800.0,4.157,1,18.0,115.0,100.0,85.0,279
582c4556ef562807126df946,supardaily,supardaily,500.0,4.158,1,5.0,26.0,100.0,81.0,342
5960922537635d7e09b47c1d,Simorly,simorly,1500.0,4.158,1,15.0,59.0,100.0,75.0,546
58171618bfa9fd1994661235,jiutunhecimu,jiutunhecimu,600.0,4.159,1,6.0,145.0,100.0,96.0,325
5d481bd022f3014c80e6ddb2,liumangtu123,liumangtu123,100.0,4.167,1,1.0,1.0,100.0,0.0,817
59f9687a37f9f80d31798d60,trustlie,trustlie,600.0,4.167,1,6.0,17.0,100.0,65.0,598
5845000d330f3a4d59cff91f,Sunshine In You Eyes,sunshineinyoueyes,500.0,4.168,1,5.0,5.0,100.0,0.0,377
5ad7066e1b98df3e558530a6,SteelFular,steelfular,1400.0,4.17,1,14.0,12.0,100.0,16.0,666
5afab0f75ccdca0e69a067b8,yingshengsu,yingshengsu,1100.0,4.186,1,11.0,28.0,100.0,61.0,692
5d54f7e47ad2426b008579ae,lihongying12,lihongying12,290.0,4.19,1,2.9,3.0,100.0,4.0,841
5ab9f77bea8764355800e5a2,ChicPopular,sweetfeeling,470.0,4.192,1,4.7,19.0,100.0,76.0,642
585b36a336cedf4cb6c6ea62,MoWoMo,mowomo,1300.0,4.195,1,13.0,68.0,100.0,81.0,401
5ad01a6a70cf6977d05013de,xulaiqingfen,xulaiqingfen,1100.0,4.21,1,11.0,10.0,100.0,10.0,659
5486cf7540b3786ec7c7e4ee,Dongguang Internationnal,dongguanginternationnal,1100.0,4.21,1,11.0,30.0,100.0,64.0,63
5d413afa0ff7f947c0e21025,WeirdBeauty,weirdbeauty,1400.0,4.211,1,14.0,97.0,100.0,86.0,795
596d9a4937635d7622a6c7f6,xiaoxia0914,xiaoxia0914,800.0,4.212,1,8.0,7.0,100.0,14.0,553
5adef67640626a4b409b8e94,zhenhaogouwuche,zhenhaogouwuche,592.0,4.213,1,5.92,9.0,100.0,35.0,670
5b13817f0128754174259044,XIUZHENfashion,xiuzhenfashion,393.0,4.213,1,3.93,24.0,100.0,84.0,703
5925555b2cd9447854443c41,Yanfeng Living museum,yanfenglivingmuseum,4900.0,4.223,1,49.0,42.0,100.0,16.0,514
58d12c00b9d9d6505a44c4e6,Liuxixi,liuxixi,1800.0,4.227,1,18.0,47.0,100.0,62.0,470
5860cbf734de6c4d4803523d,M.E store,mestore,1200.0,4.227,1,12.0,102.0,100.0,89.0,405
5953816a9579d81e5edcc3d7,iwannachange,iwannachange,1400.0,4.228,1,14.0,92.0,100.0,85.0,539
59815a929fbc512d72137ba5,zhaoyunyun,zhaoyunyun,900.0,4.228,1,9.0,46.0,100.0,81.0,561
59802a908ee78d7ec44d192a,Crystalhousee,crystalhousee,800.0,4.232,1,8.0,85.0,100.0,91.0,559
58d3cd3b773e9257cc5b990a,Kprusoian,kprusoian,387.0,4.232,1,3.87,15.0,100.0,75.0,474
5a129c6aeea5c546c8b8e2f8,wuruisky,wuruisky,1900.0,4.234,1,19.0,17.0,100.0,11.0,603
5a409cf87b584e7951b2e25f,AISHOPPINGMALL,aishoppingmall,700.0,4.236,1,7.0,6.0,100.0,16.0,615
5d55f05833f0b43dceb58a50,Building Dream Yan,buildingdreamyan,800.0,4.238,1,8.0,22.0,100.0,64.0,843
5aa5d06da6bf7a7f7285bc0e,Rmslkfgylove,rmslkfgylove,900.0,4.24,1,9.0,8.0,100.0,12.0,635
58e4a53ce070a80f9180685a,liulianbag,liulianbag,365.0,4.243,1,3.65,9.0,100.0,60.0,488
58d10bee24f9f96bdbe80fb6,Onestores,onestores,1200.0,4.244,1,12.0,100.0,100.0,88.0,469
5d3d0c2c4b4fdb2f38b5e54d,Beauty Designer,beautydesigner,279.0,4.245,1,2.79,13.0,100.0,79.0,787
5d58d3b433f0b4349bbe941f,happiness maker czycl,happinessmakerczycl,1100.0,4.247,1,11.0,10.0,100.0,10.0,846
5c077d9e80508524a1cb3315,ZHOUkely,zhoukely,269.0,4.248,1,2.69,3.0,100.0,11.0,770
590189980094b829518713b8,Chinese style_GQ,chinesestyle_gq,1100.0,4.264,1,11.0,10.0,100.0,10.0,501
5dbd7b090140ee044252ed12,An honor to serve,anhonortoserve,700.0,4.264,1,7.0,6.0,100.0,16.0,866
567eb3a5d8a1043c0ab70707,aa321707,aa321707,1600.0,4.272,1,16.0,76.0,100.0,79.0,172
577a1c0517c3e2747a5a4659,Lonly,lonly,1800.0,4.274,1,18.0,76.0,100.0,77.0,253
56da85f4df108f268b4a6618,Ifyou521,ifyou521,466.0,4.276,1,4.66,11.0,100.0,58.0,199
554b7fc033c1d7162b690160,"Shenzhen JNH Co.,Ltd",shenzhenjnhcoltd,800.0,4.278,1,8.0,7.0,100.0,14.0,92
5e0b55766a4343d3823c7215,hgcxdcxcc,hgcxdcxcc,1100.0,4.283,1,11.0,10.0,100.0,10.0,888
598429c3947e4119b7bec1c0,SZshi886wei,szshi886wei,1400.0,4.288,1,14.0,84.0,100.0,84.0,562
5b083a8b7e43f23f2e16cbd6,WAKE UP CHILDHOODMEMORIES,wakeupchildhoodmemories,900.0,4.29,1,9.0,17.0,100.0,48.0,694
5673acd9c1a80060fb201026,QB_Fashion,qb_fashion,565.0,4.299,1,5.65,26.0,100.0,79.0,169
5650100887aaa61273717ce0,Ningboyingshiguojimaoyiyouxiangongsi,ningboyingshiguojimaoyiyouxiangongsi,1600.0,4.311,1,16.0,50.0,100.0,68.0,151
580595bda46fa31f93d83357,camilleziyan,happybest,1100.0,4.325,1,11.0,10.0,100.0,10.0,309
582c712cae088637843348a5,arthumcco,arthumcco,900.0,4.337,1,9.0,8.0,100.0,12.0,343
587dd9a883eee74e06b30974,Mycroft,mycroft,800.0,4.337,1,8.0,7.0,100.0,14.0,422
53bd3edad911396c5b3fb0aa,Super Business ,ouyangli,585.0,4.341,1,5.85,43.0,100.0,87.0,20
5b71353ec8cfda2270406795,"SanShu.trade co., LTD",sanshutradecoltd,700.0,4.343,1,7.0,6.0,100.0,16.0,741
5ec3b16fedb2cda500b96542,fanxiaoying9470,fanxiaoying9470,586.0,4.365,1,5.86,5.0,100.0,17.0,958
58501ac7b9e3474c9f4b2afd,wuewi,wuewi,369.0,4.365,1,3.69,40.0,100.0,91.0,389
5778fd153a698c5c2d845ed9,binghexiaodian,冰河小店,1100.0,4.366,1,11.0,42.0,100.0,74.0,252
5742c706d75bc459506b80f1,spaklestar,spaklestar,700.0,4.431,1,7.0,6.0,100.0,16.0,235
57773e8e7f1b5074ad85dd89,Life stage,lifestage,266.0,4.438,1,2.66,9.0,100.0,71.0,251
5d513ddf1d9a8e239c347192,JHjuhao,jhjuhao,575.0,4.444,1,5.75,16.0,100.0,65.0,835
5848298b68eb84699231b1f2,wenjd_415,wenjd_415,176.0,4.456,1,1.76,2.0,100.0,12.0,381
5915c592fc9cce7eb7312bd4,YingHong Store,yinghongstore,1300.0,4.463,1,13.0,26.0,100.0,50.0,509
55837e8030c8403f7c8044b9,HAODUOYI China-made quality,haoduoyichinamadequality,500.0,4.487,1,5.0,9.0,100.0,45.0,106
5b07dc937752c81ecb291b66,Unlimited retaliation,unlimitedretaliation,373.0,4.522,1,3.73,17.0,100.0,79.0,693
559f372b577ce1196ef7f66c,"shenzhen dcr technology co.,ltd",shenzhendcrtechnologycoltd,800.0,4.578,1,8.0,47.0,100.0,83.0,109
5dab9ece69ce753090f6735c,tutishop,tutishop,700.0,5.0,1,7.0,6.0,100.0,16.0,863
5d5a520c560eca48d7f140eb,laibingo zhiwei,laibingozhiwei,400.0,3.516,2,4.0,4.0,50.0,0.0,849
5e6771b33cce5a8dd4f6fd3c,chaoyang_yangjianfa,chaoyang_yangjianfa,500.0,3.75,2,5.0,5.0,50.0,0.0,925
5b0fa1b72c3c1d2abb34f1a4,xiakeliuxingfushi,xiakeliuxingfushi,800.0,3.792,2,8.0,7.0,50.0,14.0,701
58d8e8ebd929c652b9c04c05,lixiangbo1515,lixiangbo1515,376.0,3.88,2,3.76,7.0,50.0,47.0,478
5e748f2484068a0289ab6f9f,wanghaoshop,wanghaoshop,2000.0,3.923,2,20.0,17.0,50.0,17.0,937
5e686e632fb13f0b010b6cd0,mawenru646,mawenru646,1200.0,4.175,2,12.0,85.0,50.0,86.0,926
5a14dbb27dee4a2da907bddb,mannika,mannika,900.0,4.458,2,9.0,34.0,50.0,74.0,605
5e5cb2f077179e1ac07004a2,fengguijieshop,fengguijieshop,720.0,3.885,2,12.0,14.0,30.0,15.0,914
5e4f330366b9710ecfaff138,wandonqiushuai,wandonqiushuai,600.0,3.464,1,12.0,11.0,50.0,9.0,898
5e4b6a0c57cc9b0b53e499a4,zufanqiudinli,zufanqiudinli,250.0,3.667,1,5.0,38.0,50.0,87.0,895
5e75cce27477a26d336a6c07,zhuhongyushop,zhuhongyushop,750.0,3.676,1,15.0,13.0,50.0,15.0,938
5e732ba4dc0ec3709851e0f7,zhanghongxue,zhanghongxue,550.0,3.714,1,11.0,85.0,50.0,88.0,935
5eb91502c48732293d0a8e08,linsongda,linsongda,300.0,3.722,1,6.0,6.0,50.0,0.0,954
5d8c291ca1309429e32bb247,uei635w,uei635w,450.0,3.774,1,9.0,8.0,50.0,12.0,860
5abf82da22fad76f8c13b113,puzhengxing,puzhengxing,600.0,3.84,1,12.0,11.0,50.0,9.0,646
58008d25047bed1ad1940bff,ZALA Rainbows Store,zalarainbowsstore,193.0,3.861,1,3.86,6.0,50.0,36.0,306
5e6a5f041511dc46c06eac19,Gina Williamson,ginawilliamson,400.0,3.872,1,8.0,56.0,50.0,86.0,929
5aa24c9a22fad77bdfe2578b,jqhainabaichuan,jqhainabaichuan,1350.0,3.937,1,27.0,23.0,50.0,17.0,634
5d9163dcbffbb14190a52df7,Xinemengbianli,xinemengbianli,400.0,3.98,1,8.0,7.0,50.0,14.0,861
597ff85721064f2607e253e9,beaufullife2017,beaufullife2017,1250.0,4.01,1,25.0,38.0,50.0,35.0,558
58db59f4e40cc66d2bda1bc0,Welline,welline,650.0,4.094,1,13.0,11.0,50.0,18.0,482
575ab2de20c8d15cb59e5ee0,Seraih,seraih,450.0,4.12,1,9.0,33.0,50.0,73.0,240
586378e04b60fe69e3335c5f,Happy Host store,happyhoststore,400.0,4.128,1,8.0,7.0,50.0,14.0,407
578caf669035dc557db297c0,VactoryBuy,vactorybuy,400.0,4.16,1,8.0,7.0,50.0,14.0,269
5e50b3e818034a49f8aeecdf,baixuea,baixuea,50.0,4.17,1,1.0,8.0,50.0,88.0,901
578aeb7316b2891a3a226c21,MJ Bags Outlet,mjbagsoutlet,800.0,4.323,1,16.0,14.0,50.0,14.0,268
533e35e334067e3f0e7b05c5,Joy Store,joystore,600.0,4.385,1,12.0,17.0,50.0,30.0,9
58bd1048662f70531f3962df,HQMALL,hqmall,800.0,4.434,1,16.0,14.0,50.0,14.0,451
5e61c817039ce2184a0ed392,qiaopiaduxiu,qiaopiaduxiu,480.0,3.548,3,16.0,14.0,10.0,14.0,918
5e71bc2ff2bef60050bd3a86,wanguanqiuxi,wanguanqiuxi,330.0,3.915,3,11.0,168.0,10.0,94.0,933
5d3aa36072b0c915fe6b8fbd,Lucky726,lucky726,192.0,3.917,3,8.0,68.0,8.0,89.0,783
5e2ecb9deed5087a7ba2f5f7,10 days delivery,10daysdelivery,140.0,3.609,2,7.0,17.0,10.0,59.0,891
5e54d1d9e0d90e6488de48c2,Failaimi Toys,failaimitoys,40.0,3.667,2,2.0,2.0,10.0,0.0,912
5d676dae88a10253b1781da6,pedeska,pedeska,180.0,3.691,2,9.0,10.0,10.0,10.0,856
5e606b6e29e7867135073fbe,hehaiyan,hehaiyan,53.4,3.692,2,2.67,67.0,10.0,97.0,917
5a3231f2e62bbc45b0bda1dd,renpingping,renpingping,100.0,3.837,2,5.0,5.0,10.0,0.0,613
5d48eef4b5144c50c2ac0af3,wenj498,wenj498,140.0,3.859,2,7.0,68.0,10.0,90.0,818
5e63469b2fdc774466e15dd5,liyang163,liyang163,57.5,2.333,1,5.75,5.0,10.0,15.0,921
5e4b9c3801ba9d210036fc5a,zhoulinglinga,zhoulinglinga,39.2,3.508,1,3.92,9.0,10.0,57.0,896
5df1cd2ecce7510b506fdba5,WenqiaoyouuOO,wenqiaoyouuoo,80.0,3.625,1,8.0,17.0,10.0,53.0,885
5a9d135128a2b361c3491a1e,dexiaojiapin,dexiaojiapin,70.0,3.76,1,7.0,22.0,10.0,69.0,630
5e4f81dc968c88593150e98e,Supuma Wall Sticker,supumawallsticker,37.0,3.778,1,3.7,9.0,10.0,59.0,900
58c214fd95dc43508c12899c,mermaidpainting,mermaidpainting,70.0,3.81,1,7.0,7.0,10.0,0.0,456
58d64937794a2b6db2f0394e,Elisa2,elisa2,110.0,3.873,1,11.0,70.0,10.0,85.0,476
5af917558699ce1103dd6010,Happy dags,happydags,140.0,3.875,1,14.0,12.0,10.0,16.0,691
59538ae253ebe2397fc85777,guojinghao,guojinghao,60.0,3.959,1,6.0,6.0,10.0,0.0,541
5d53751b40defd6833e480ad,eirufjl,eirufjl,120.0,4.008,1,12.0,67.0,10.0,83.0,838
5d5008cb1d9a8e750032d31b,lihengchen,lihengchen,160.0,4.015,1,16.0,25.0,10.0,36.0,830
5aae608bdb5f1f42a93eaaed,zengdaitao,zengdaitao,150.0,4.021,1,15.0,13.0,10.0,15.0,640
57c4dd2ce2a1b61c74c4265a,Zios,zios,56.5,4.037,1,5.65,33.0,10.0,83.0,289
5466f5ea1280fa5c9c7ba98e,"Langwei Clothes CO.,LTD",hangzhoulangweiclothescoltd,70.0,4.042,1,7.0,66.0,10.0,90.0,53
5de71b384c9c820a00c16efa,JinveI skyqiong,jinveiskyqiong,70.0,4.062,1,7.0,7.0,10.0,0.0,881
592955ef980a346d826f7bfc,WSLCWM,wslcwm,80.0,4.17,1,8.0,33.0,10.0,76.0,518
569f3031b3d90139e3c5a407,velocitee,velocitee,140.0,4.173,1,14.0,12.0,10.0,16.0,179
5d594543cf65033850311c11,zhouzhilong,zhouzhilong,37.1,4.2,1,3.71,5.0,10.0,26.0,847
56025ed8293a5b2d24779bde,YIWU SHI AO HANG DIAN ZI SHANG WU YOU XIAN GONG SI,yiwushiaohangdianzishangwuyouxiangongsi,110.0,4.295,1,11.0,30.0,10.0,64.0,133
538f4f18ab980a5167a1d722,KoKoYES,kokoyesinternationalgroup,80.0,4.326,1,8.0,7.0,10.0,14.0,14
56de96c70f2a81169f14fcde,SHOES 4U,shoes4u,160.0,4.466,1,16.0,14.0,10.0,14.0,203
574d559cb06e205d099d9107,Beautiful Angel Fashion Store,beautifulangelfashionstore,180.0,4.501,1,18.0,59.0,10.0,70.0,236
5db248327c0d0800c24fc084,langsengy,langsengy,56.8,4.513,1,5.68,5.0,10.0,13.0,864
54365c349719cd57af2b449b,"Langwei Garments Trading CO.,LTD",langweigarmentstradingcoltd,56.0,3.949,1,7.0,31.0,8.0,78.0,41
581c54c4dd99164b808ca531,Chaoyang,chaoyang,56.0,4.249,1,8.0,55.0,7.0,86.0,330
564d8f2f3a698c01d97fbb81,Choic‘store,choicstore,14.43,3.991,1,4.81,30.0,3.0,84.0,150
567bad8582c35f28103e5813,"Guangzhou Fashion Girl co.,ltd",guangzhoufashiongirlcoltd,22.0,3.999,1,11.0,10.0,2.0,10.0,171
5b24edf0d1c360301099e9c6,xiaoguiling,xiaoguiling,32.0,4.303,1,16.0,16.0,2.0,0.0,714
5d417e7070327a2743021677,Kyiswen,kyiswen,2.72,3.598,1,2.72,9.0,1.0,70.0,797
5add589edb5f1f32114d07df,gaomeigui,gaomeigui,14.0,3.956,1,14.0,14.0,1.0,0.0,667
5d4b8931933fb13f8a1fe232,caogao,caogao,11.0,4.007,1,11.0,30.0,1.0,64.0,823
